,avg_test_score,avg_training_score,brier_score,f1_score,group_a,group_b,run_id
0,1.0,1.0,0.0,1.0,BPC,DBC,1
1,1.0,1.0,0.0,1.0,BPC,DBC,2
2,1.0,1.0,0.0,1.0,BPC,DBC,3
3,1.0,1.0,0.0,1.0,BPC,DBC,4
4,1.0,1.0,0.0,1.0,BPC,DBC,5
5,1.0,1.0,0.0,1.0,BPC,DBC,6
6,1.0,1.0,0.0,1.0,BPC,DBC,7
7,1.0,1.0,0.0,1.0,BPC,DBC,8
8,1.0,1.0,0.0,1.0,BPC,DBC,9
9,1.0,1.0,0.0,1.0,BPC,DBC,10
10,1.0,1.0,0.0,1.0,BPC,DBC,11
11,1.0,1.0,0.0,1.0,BPC,DBC,12
12,1.0,1.0,0.0,1.0,BPC,DBC,13
13,1.0,1.0,0.0,1.0,BPC,DBC,14
14,1.0,1.0,0.0,1.0,BPC,DBC,15
15,1.0,1.0,0.0,1.0,BPC,DBC,16
16,1.0,1.0,0.0,1.0,BPC,DBC,17
17,1.0,1.0,0.0,1.0,BPC,DBC,18
18,1.0,1.0,0.0,1.0,BPC,DBC,19
19,1.0,1.0,0.0,1.0,BPC,DBC,20
20,1.0,1.0,0.0,1.0,BPC,DBC,21
21,1.0,1.0,0.0,1.0,BPC,DBC,22
22,1.0,1.0,0.0,1.0,BPC,DBC,23
23,1.0,1.0,0.0,1.0,BPC,DBC,24
24,1.0,1.0,0.0,1.0,BPC,DBC,25
25,1.0,1.0,0.0,1.0,BPC,DBC,26
26,1.0,1.0,0.0,1.0,BPC,DBC,27
27,1.0,1.0,0.0,1.0,BPC,DBC,28
28,1.0,1.0,0.0,1.0,BPC,DBC,29
29,1.0,1.0,0.0,1.0,BPC,DBC,30
30,1.0,1.0,0.0,1.0,BPC,DBC,31
31,1.0,1.0,0.0,1.0,BPC,DBC,32
32,1.0,1.0,0.0,1.0,BPC,DBC,33
33,1.0,1.0,0.0,1.0,BPC,DBC,34
34,1.0,1.0,0.0,1.0,BPC,DBC,35
35,1.0,1.0,0.0,1.0,BPC,DBC,36
36,1.0,1.0,0.0,1.0,BPC,DBC,37
37,1.0,1.0,0.0,1.0,BPC,DBC,38
38,1.0,1.0,0.0,1.0,BPC,DBC,39
39,1.0,1.0,0.0,1.0,BPC,DBC,40
40,1.0,1.0,0.0,1.0,BPC,DBC,41
41,1.0,1.0,0.0,1.0,BPC,DBC,42
42,1.0,1.0,0.0,1.0,BPC,DBC,43
43,1.0,1.0,0.0,1.0,BPC,DBC,44
44,1.0,1.0,0.0,1.0,BPC,DBC,45
45,1.0,1.0,0.0,1.0,BPC,DBC,46
46,1.0,1.0,0.0,1.0,BPC,DBC,47
47,1.0,1.0,0.0,1.0,BPC,DBC,48
48,1.0,1.0,0.0,1.0,BPC,DBC,49
49,1.0,1.0,0.0,1.0,BPC,DBC,50
50,1.0,1.0,0.0,1.0,BPC,HBC,1
51,1.0,1.0,0.0,1.0,BPC,HBC,2
52,1.0,1.0,0.0,1.0,BPC,HBC,3
53,1.0,1.0,0.0,1.0,BPC,HBC,4
54,1.0,1.0,0.0,1.0,BPC,HBC,5
55,1.0,1.0,0.0,1.0,BPC,HBC,6
56,1.0,1.0,0.0,1.0,BPC,HBC,7
57,1.0,1.0,0.0,1.0,BPC,HBC,8
58,1.0,1.0,0.0,1.0,BPC,HBC,9
59,1.0,1.0,0.0,1.0,BPC,HBC,10
60,1.0,1.0,0.0,1.0,BPC,HBC,11
61,1.0,1.0,0.0,1.0,BPC,HBC,12
62,1.0,1.0,0.0,1.0,BPC,HBC,13
63,1.0,1.0,0.0,1.0,BPC,HBC,14
64,1.0,1.0,0.0,1.0,BPC,HBC,15
65,1.0,1.0,0.0,1.0,BPC,HBC,16
66,1.0,1.0,0.0,1.0,BPC,HBC,17
67,1.0,1.0,0.0,1.0,BPC,HBC,18
68,1.0,1.0,0.0,1.0,BPC,HBC,19
69,1.0,1.0,0.0,1.0,BPC,HBC,20
70,1.0,1.0,0.0,1.0,BPC,HBC,21
71,1.0,1.0,0.0,1.0,BPC,HBC,22
72,1.0,1.0,0.0,1.0,BPC,HBC,23
73,1.0,1.0,0.0,1.0,BPC,HBC,24
74,1.0,1.0,0.0,1.0,BPC,HBC,25
75,1.0,1.0,0.0,1.0,BPC,HBC,26
76,1.0,1.0,0.0,1.0,BPC,HBC,27
77,1.0,1.0,0.0,1.0,BPC,HBC,28
78,1.0,1.0,0.0,1.0,BPC,HBC,29
79,1.0,1.0,0.0,1.0,BPC,HBC,30
80,1.0,1.0,0.0,1.0,BPC,HBC,31
81,1.0,1.0,0.0,1.0,BPC,HBC,32
82,1.0,1.0,0.0,1.0,BPC,HBC,33
83,1.0,1.0,0.0,1.0,BPC,HBC,34
84,1.0,1.0,0.0,1.0,BPC,HBC,35
85,1.0,1.0,0.0,1.0,BPC,HBC,36
86,1.0,1.0,0.0,1.0,BPC,HBC,37
87,1.0,1.0,0.0,1.0,BPC,HBC,38
88,1.0,1.0,0.0,1.0,BPC,HBC,39
89,1.0,1.0,0.0,1.0,BPC,HBC,40
90,1.0,1.0,0.0,1.0,BPC,HBC,41
91,1.0,1.0,0.0,1.0,BPC,HBC,42
92,1.0,1.0,0.0,1.0,BPC,HBC,43
93,1.0,1.0,0.0,1.0,BPC,HBC,44
94,1.0,1.0,0.0,1.0,BPC,HBC,45
95,1.0,1.0,0.0,1.0,BPC,HBC,46
96,1.0,1.0,0.0,1.0,BPC,HBC,47
97,1.0,1.0,0.0,1.0,BPC,HBC,48
98,1.0,1.0,0.0,1.0,BPC,HBC,49
99,1.0,1.0,0.0,1.0,BPC,HBC,50
100,1.0,1.0,0.0,1.0,BPC,LBC,1
101,1.0,1.0,0.0,1.0,BPC,LBC,2
102,1.0,1.0,0.0,1.0,BPC,LBC,3
103,1.0,1.0,0.0,1.0,BPC,LBC,4
104,1.0,1.0,0.0,1.0,BPC,LBC,5
105,1.0,1.0,0.0,1.0,BPC,LBC,6
106,1.0,1.0,0.0,1.0,BPC,LBC,7
107,1.0,1.0,0.0,1.0,BPC,LBC,8
108,1.0,1.0,0.0,1.0,BPC,LBC,9
109,1.0,1.0,0.0,1.0,BPC,LBC,10
110,1.0,1.0,0.0,1.0,BPC,LBC,11
111,1.0,1.0,0.0,1.0,BPC,LBC,12
112,1.0,1.0,0.0,1.0,BPC,LBC,13
113,1.0,1.0,0.0,1.0,BPC,LBC,14
114,1.0,1.0,0.0,1.0,BPC,LBC,15
115,1.0,1.0,0.0,1.0,BPC,LBC,16
116,1.0,1.0,0.0,1.0,BPC,LBC,17
117,1.0,1.0,0.0,1.0,BPC,LBC,18
118,1.0,1.0,0.0,1.0,BPC,LBC,19
119,1.0,1.0,0.0,1.0,BPC,LBC,20
120,1.0,1.0,0.0,1.0,BPC,LBC,21
121,1.0,1.0,0.0,1.0,BPC,LBC,22
122,1.0,1.0,0.0,1.0,BPC,LBC,23
123,1.0,1.0,0.0,1.0,BPC,LBC,24
124,1.0,1.0,0.0,1.0,BPC,LBC,25
125,1.0,1.0,0.0,1.0,BPC,LBC,26
126,1.0,1.0,0.0,1.0,BPC,LBC,27
127,1.0,1.0,0.0,1.0,BPC,LBC,28
128,1.0,1.0,0.0,1.0,BPC,LBC,29
129,1.0,1.0,0.0,1.0,BPC,LBC,30
130,1.0,1.0,0.0,1.0,BPC,LBC,31
131,1.0,1.0,0.0,1.0,BPC,LBC,32
132,1.0,1.0,0.0,1.0,BPC,LBC,33
133,1.0,1.0,0.0,1.0,BPC,LBC,34
134,1.0,1.0,0.0,1.0,BPC,LBC,35
135,1.0,1.0,0.0,1.0,BPC,LBC,36
136,1.0,1.0,0.0,1.0,BPC,LBC,37
137,1.0,1.0,0.0,1.0,BPC,LBC,38
138,1.0,1.0,0.0,1.0,BPC,LBC,39
139,1.0,1.0,0.0,1.0,BPC,LBC,40
140,1.0,1.0,0.0,1.0,BPC,LBC,41
141,1.0,1.0,0.0,1.0,BPC,LBC,42
142,1.0,1.0,0.0,1.0,BPC,LBC,43
143,1.0,1.0,0.0,1.0,BPC,LBC,44
144,1.0,1.0,0.0,1.0,BPC,LBC,45
145,1.0,1.0,0.0,1.0,BPC,LBC,46
146,1.0,1.0,0.0,1.0,BPC,LBC,47
147,1.0,1.0,0.0,1.0,BPC,LBC,48
148,1.0,1.0,0.0,1.0,BPC,LBC,49
149,1.0,1.0,0.0,1.0,BPC,LBC,50
150,1.0,1.0,0.0,1.0,BPC,MC,1
151,1.0,1.0,0.0,1.0,BPC,MC,2
152,1.0,1.0,0.0,1.0,BPC,MC,3
153,1.0,1.0,0.0,1.0,BPC,MC,4
154,1.0,1.0,0.0,1.0,BPC,MC,5
155,1.0,1.0,0.0,1.0,BPC,MC,6
156,1.0,1.0,0.0,1.0,BPC,MC,7
157,1.0,1.0,0.0,1.0,BPC,MC,8
158,1.0,1.0,0.0,1.0,BPC,MC,9
159,1.0,1.0,0.0,1.0,BPC,MC,10
160,1.0,1.0,0.0,1.0,BPC,MC,11
161,1.0,1.0,0.0,1.0,BPC,MC,12
162,1.0,1.0,0.0,1.0,BPC,MC,13
163,1.0,1.0,0.0,1.0,BPC,MC,14
164,1.0,1.0,0.0,1.0,BPC,MC,15
165,1.0,1.0,0.0,1.0,BPC,MC,16
166,1.0,1.0,0.0,1.0,BPC,MC,17
167,1.0,1.0,0.0,1.0,BPC,MC,18
168,1.0,1.0,0.0,1.0,BPC,MC,19
169,1.0,1.0,0.0,1.0,BPC,MC,20
170,1.0,1.0,0.0,1.0,BPC,MC,21
171,1.0,1.0,0.0,1.0,BPC,MC,22
172,1.0,1.0,0.0,1.0,BPC,MC,23
173,1.0,1.0,0.0,1.0,BPC,MC,24
174,1.0,1.0,0.0,1.0,BPC,MC,25
175,1.0,1.0,0.0,1.0,BPC,MC,26
176,1.0,1.0,0.0,1.0,BPC,MC,27
177,1.0,1.0,0.0,1.0,BPC,MC,28
178,1.0,1.0,0.0,1.0,BPC,MC,29
179,1.0,1.0,0.0,1.0,BPC,MC,30
180,1.0,1.0,0.0,1.0,BPC,MC,31
181,1.0,1.0,0.0,1.0,BPC,MC,32
182,1.0,1.0,0.0,1.0,BPC,MC,33
183,1.0,1.0,0.0,1.0,BPC,MC,34
184,1.0,1.0,0.0,1.0,BPC,MC,35
185,1.0,1.0,0.0,1.0,BPC,MC,36
186,1.0,1.0,0.0,1.0,BPC,MC,37
187,1.0,1.0,0.0,1.0,BPC,MC,38
188,1.0,1.0,0.0,1.0,BPC,MC,39
189,1.0,1.0,0.0,1.0,BPC,MC,40
190,1.0,1.0,0.0,1.0,BPC,MC,41
191,1.0,1.0,0.0,1.0,BPC,MC,42
192,1.0,1.0,0.0,1.0,BPC,MC,43
193,1.0,1.0,0.0,1.0,BPC,MC,44
194,1.0,1.0,0.0,1.0,BPC,MC,45
195,1.0,1.0,0.0,1.0,BPC,MC,46
196,1.0,1.0,0.0,1.0,BPC,MC,47
197,1.0,1.0,0.0,1.0,BPC,MC,48
198,1.0,1.0,0.0,1.0,BPC,MC,49
199,1.0,1.0,0.0,1.0,BPC,MC,50
200,1.0,1.0,0.0,1.0,BPC,NGC,1
201,1.0,1.0,0.0,1.0,BPC,NGC,2
202,1.0,1.0,0.0,1.0,BPC,NGC,3
203,1.0,1.0,0.0,1.0,BPC,NGC,4
204,1.0,1.0,0.0,1.0,BPC,NGC,5
205,1.0,1.0,0.0,1.0,BPC,NGC,6
206,1.0,1.0,0.0,1.0,BPC,NGC,7
207,1.0,1.0,0.0,1.0,BPC,NGC,8
208,1.0,1.0,0.0,1.0,BPC,NGC,9
209,1.0,1.0,0.0,1.0,BPC,NGC,10
210,1.0,1.0,0.0,1.0,BPC,NGC,11
211,1.0,1.0,0.0,1.0,BPC,NGC,12
212,1.0,1.0,0.0,1.0,BPC,NGC,13
213,1.0,1.0,0.0,1.0,BPC,NGC,14
214,1.0,1.0,0.0,1.0,BPC,NGC,15
215,1.0,1.0,0.0,1.0,BPC,NGC,16
216,1.0,1.0,0.0,1.0,BPC,NGC,17
217,1.0,1.0,0.0,1.0,BPC,NGC,18
218,1.0,1.0,0.0,1.0,BPC,NGC,19
219,1.0,1.0,0.0,1.0,BPC,NGC,20
220,1.0,1.0,0.0,1.0,BPC,NGC,21
221,1.0,1.0,0.0,1.0,BPC,NGC,22
222,1.0,1.0,0.0,1.0,BPC,NGC,23
223,1.0,1.0,0.0,1.0,BPC,NGC,24
224,1.0,1.0,0.0,1.0,BPC,NGC,25
225,1.0,1.0,0.0,1.0,BPC,NGC,26
226,1.0,1.0,0.0,1.0,BPC,NGC,27
227,1.0,1.0,0.0,1.0,BPC,NGC,28
228,1.0,1.0,0.0,1.0,BPC,NGC,29
229,1.0,1.0,0.0,1.0,BPC,NGC,30
230,1.0,1.0,0.0,1.0,BPC,NGC,31
231,1.0,1.0,0.0,1.0,BPC,NGC,32
232,1.0,1.0,0.0,1.0,BPC,NGC,33
233,1.0,1.0,0.0,1.0,BPC,NGC,34
234,1.0,1.0,0.0,1.0,BPC,NGC,35
235,1.0,1.0,0.0,1.0,BPC,NGC,36
236,1.0,1.0,0.0,1.0,BPC,NGC,37
237,1.0,1.0,0.0,1.0,BPC,NGC,38
238,1.0,1.0,0.0,1.0,BPC,NGC,39
239,1.0,1.0,0.0,1.0,BPC,NGC,40
240,1.0,1.0,0.0,1.0,BPC,NGC,41
241,1.0,1.0,0.0,1.0,BPC,NGC,42
242,1.0,1.0,0.0,1.0,BPC,NGC,43
243,1.0,1.0,0.0,1.0,BPC,NGC,44
244,1.0,1.0,0.0,1.0,BPC,NGC,45
245,1.0,1.0,0.0,1.0,BPC,NGC,46
246,1.0,1.0,0.0,1.0,BPC,NGC,47
247,1.0,1.0,0.0,1.0,BPC,NGC,48
248,1.0,1.0,0.0,1.0,BPC,NGC,49
249,1.0,1.0,0.0,1.0,BPC,NGC,50
250,1.0,1.0,0.0,1.0,BPC,SBC,1
251,1.0,1.0,0.0,1.0,BPC,SBC,2
252,1.0,1.0,0.0,1.0,BPC,SBC,3
253,1.0,1.0,0.0,1.0,BPC,SBC,4
254,1.0,1.0,0.0,1.0,BPC,SBC,5
255,1.0,1.0,0.0,1.0,BPC,SBC,6
256,1.0,1.0,0.0,1.0,BPC,SBC,7
257,1.0,1.0,0.0,1.0,BPC,SBC,8
258,1.0,1.0,0.0,1.0,BPC,SBC,9
259,1.0,1.0,0.0,1.0,BPC,SBC,10
260,1.0,1.0,0.0,1.0,BPC,SBC,11
261,1.0,1.0,0.0,1.0,BPC,SBC,12
262,1.0,1.0,0.0,1.0,BPC,SBC,13
263,1.0,1.0,0.0,1.0,BPC,SBC,14
264,1.0,1.0,0.0,1.0,BPC,SBC,15
265,1.0,1.0,0.0,1.0,BPC,SBC,16
266,1.0,1.0,0.0,1.0,BPC,SBC,17
267,1.0,1.0,0.0,1.0,BPC,SBC,18
268,0.75,1.0,0.25,0.6666666666666666,BPC,SBC,19
269,1.0,1.0,0.0,1.0,BPC,SBC,20
270,0.8333333333333334,1.0,0.16666666666666666,0.8,BPC,SBC,21
271,1.0,1.0,0.0,1.0,BPC,SBC,22
272,1.0,1.0,0.0,1.0,BPC,SBC,23
273,1.0,1.0,0.0,1.0,BPC,SBC,24
274,1.0,1.0,0.0,1.0,BPC,SBC,25
275,1.0,1.0,0.0,1.0,BPC,SBC,26
276,1.0,1.0,0.0,1.0,BPC,SBC,27
277,1.0,1.0,0.0,1.0,BPC,SBC,28
278,1.0,1.0,0.0,1.0,BPC,SBC,29
279,1.0,1.0,0.0,1.0,BPC,SBC,30
280,1.0,1.0,0.0,1.0,BPC,SBC,31
281,0.8,1.0,0.2,0.8,BPC,SBC,32
282,1.0,1.0,0.0,1.0,BPC,SBC,33
283,1.0,1.0,0.0,1.0,BPC,SBC,34
284,1.0,1.0,0.0,1.0,BPC,SBC,35
285,1.0,1.0,0.0,1.0,BPC,SBC,36
286,1.0,1.0,0.0,1.0,BPC,SBC,37
287,1.0,1.0,0.0,1.0,BPC,SBC,38
288,1.0,1.0,0.0,1.0,BPC,SBC,39
289,1.0,1.0,0.0,1.0,BPC,SBC,40
290,1.0,1.0,0.0,1.0,BPC,SBC,41
291,0.8,1.0,0.2,0.8,BPC,SBC,42
292,1.0,1.0,0.0,1.0,BPC,SBC,43
293,1.0,1.0,0.0,1.0,BPC,SBC,44
294,1.0,1.0,0.0,1.0,BPC,SBC,45
295,1.0,1.0,0.0,1.0,BPC,SBC,46
296,1.0,1.0,0.0,1.0,BPC,SBC,47
297,1.0,1.0,0.0,1.0,BPC,SBC,48
298,1.0,1.0,0.0,1.0,BPC,SBC,49
299,1.0,1.0,0.0,1.0,BPC,SBC,50
300,1.0,0.9333333333333333,0.0,1.0,DBC,HBC,1
301,1.0,1.0,0.0,1.0,DBC,HBC,2
302,1.0,1.0,0.0,1.0,DBC,HBC,3
303,0.6666666666666666,1.0,0.3333333333333333,0.8,DBC,HBC,4
304,1.0,1.0,0.0,1.0,DBC,HBC,5
305,1.0,1.0,0.0,1.0,DBC,HBC,6
306,1.0,1.0,0.0,1.0,DBC,HBC,7
307,1.0,0.9375,0.0,1.0,DBC,HBC,8
308,1.0,1.0,0.0,1.0,DBC,HBC,9
309,0.6666666666666666,1.0,0.3333333333333333,0.8,DBC,HBC,10
310,1.0,1.0,0.0,1.0,DBC,HBC,11
311,1.0,0.9333333333333333,0.0,1.0,DBC,HBC,12
312,0.75,1.0,0.25,0.8,DBC,HBC,13
313,1.0,1.0,0.0,1.0,DBC,HBC,14
314,1.0,1.0,0.0,1.0,DBC,HBC,15
315,0.8,1.0,0.2,0.8571428571428571,DBC,HBC,16
316,1.0,0.9333333333333333,0.0,1.0,DBC,HBC,17
317,1.0,0.9375,0.0,1.0,DBC,HBC,18
318,1.0,1.0,0.0,1.0,DBC,HBC,19
319,1.0,1.0,0.0,1.0,DBC,HBC,20
320,1.0,1.0,0.0,1.0,DBC,HBC,21
321,1.0,1.0,0.0,1.0,DBC,HBC,22
322,0.75,1.0,0.25,0.8,DBC,HBC,23
323,1.0,1.0,0.0,1.0,DBC,HBC,24
324,1.0,1.0,0.0,1.0,DBC,HBC,25
325,0.8,1.0,0.2,0.8571428571428571,DBC,HBC,26
326,1.0,1.0,0.0,1.0,DBC,HBC,27
327,1.0,0.9375,0.0,1.0,DBC,HBC,28
328,1.0,1.0,0.0,1.0,DBC,HBC,29
329,1.0,1.0,0.0,1.0,DBC,HBC,30
330,1.0,1.0,0.0,1.0,DBC,HBC,31
331,1.0,1.0,0.0,1.0,DBC,HBC,32
332,1.0,0.9375,0.0,1.0,DBC,HBC,33
333,1.0,1.0,0.0,1.0,DBC,HBC,34
334,0.6666666666666666,1.0,0.3333333333333333,0.8,DBC,HBC,35
335,1.0,0.9333333333333333,0.0,1.0,DBC,HBC,36
336,0.8,1.0,0.2,0.8571428571428571,DBC,HBC,37
337,1.0,1.0,0.0,1.0,DBC,HBC,38
338,1.0,1.0,0.0,1.0,DBC,HBC,39
339,1.0,1.0,0.0,1.0,DBC,HBC,40
340,0.8,1.0,0.2,0.8571428571428571,DBC,HBC,41
341,1.0,1.0,0.0,1.0,DBC,HBC,42
342,1.0,1.0,0.0,1.0,DBC,HBC,43
343,1.0,1.0,0.0,1.0,DBC,HBC,44
344,1.0,0.9411764705882353,0.0,1.0,DBC,HBC,45
345,1.0,0.9333333333333333,0.0,1.0,DBC,HBC,46
346,1.0,0.9333333333333333,0.0,1.0,DBC,HBC,47
347,0.75,1.0,0.25,0.8,DBC,HBC,48
348,1.0,1.0,0.0,1.0,DBC,HBC,49
349,1.0,1.0,0.0,1.0,DBC,HBC,50
350,0.6666666666666666,0.9354838709677419,0.3333333333333333,0.0,DBC,LBC,1
351,0.7777777777777778,0.8709677419354839,0.2222222222222222,0.5,DBC,LBC,2
352,1.0,0.8125,0.0,1.0,DBC,LBC,3
353,0.7142857142857143,0.7878787878787878,0.2857142857142857,0.0,DBC,LBC,4
354,0.7142857142857143,0.7575757575757576,0.2857142857142857,0.0,DBC,LBC,5
355,0.6666666666666666,0.7741935483870968,0.3333333333333333,0.0,DBC,LBC,6
356,0.6666666666666666,0.9354838709677419,0.3333333333333333,0.0,DBC,LBC,7
357,0.875,0.75,0.125,0.6666666666666666,DBC,LBC,8
358,1.0,0.9090909090909091,0.0,1.0,DBC,LBC,9
359,0.8571428571428571,0.8181818181818182,0.14285714285714285,0.6666666666666666,DBC,LBC,10
360,0.6666666666666666,0.8709677419354839,0.3333333333333333,0.0,DBC,LBC,11
361,0.6666666666666666,0.7096774193548387,0.3333333333333333,0.0,DBC,LBC,12
362,0.75,0.6875,0.25,0.0,DBC,LBC,13
363,0.8571428571428571,0.8181818181818182,0.14285714285714285,0.6666666666666666,DBC,LBC,14
364,0.8571428571428571,0.7575757575757576,0.14285714285714285,0.6666666666666666,DBC,LBC,15
365,0.8888888888888888,0.8387096774193549,0.1111111111111111,0.8,DBC,LBC,16
366,0.7777777777777778,0.8709677419354839,0.2222222222222222,0.5,DBC,LBC,17
367,0.875,0.78125,0.125,0.6666666666666666,DBC,LBC,18
368,0.7142857142857143,0.9090909090909091,0.2857142857142857,0.0,DBC,LBC,19
369,0.7142857142857143,0.696969696969697,0.2857142857142857,0.0,DBC,LBC,20
370,0.7777777777777778,0.9032258064516129,0.2222222222222222,0.5,DBC,LBC,21
371,0.6666666666666666,0.7419354838709677,0.3333333333333333,0.0,DBC,LBC,22
372,0.875,0.90625,0.125,0.6666666666666666,DBC,LBC,23
373,0.8571428571428571,0.8787878787878788,0.14285714285714285,0.6666666666666666,DBC,LBC,24
374,0.8571428571428571,0.9090909090909091,0.14285714285714285,0.6666666666666666,DBC,LBC,25
375,0.7777777777777778,0.8709677419354839,0.2222222222222222,0.5,DBC,LBC,26
376,0.7777777777777778,0.9354838709677419,0.2222222222222222,0.5,DBC,LBC,27
377,0.875,0.90625,0.125,0.6666666666666666,DBC,LBC,28
378,0.8571428571428571,0.7575757575757576,0.14285714285714285,0.6666666666666666,DBC,LBC,29
379,0.8571428571428571,0.8484848484848485,0.14285714285714285,0.6666666666666666,DBC,LBC,30
380,0.8888888888888888,0.8709677419354839,0.1111111111111111,0.8,DBC,LBC,31
381,0.7777777777777778,0.9354838709677419,0.2222222222222222,0.5,DBC,LBC,32
382,0.875,0.84375,0.125,0.8,DBC,LBC,33
383,0.8571428571428571,0.8787878787878788,0.14285714285714285,0.6666666666666666,DBC,LBC,34
384,0.7142857142857143,0.696969696969697,0.2857142857142857,0.0,DBC,LBC,35
385,1.0,0.8709677419354839,0.0,1.0,DBC,LBC,36
386,0.6666666666666666,0.9032258064516129,0.3333333333333333,0.0,DBC,LBC,37
387,0.75,0.90625,0.25,0.0,DBC,LBC,38
388,0.8571428571428571,0.8787878787878788,0.14285714285714285,0.6666666666666666,DBC,LBC,39
389,0.7142857142857143,0.7878787878787878,0.2857142857142857,0.0,DBC,LBC,40
390,0.7777777777777778,1.0,0.2222222222222222,0.5,DBC,LBC,41
391,0.8888888888888888,0.9032258064516129,0.1111111111111111,0.8,DBC,LBC,42
392,0.875,0.8125,0.125,0.6666666666666666,DBC,LBC,43
393,0.7142857142857143,0.7878787878787878,0.2857142857142857,0.0,DBC,LBC,44
394,0.7142857142857143,0.7575757575757576,0.2857142857142857,0.0,DBC,LBC,45
395,0.7777777777777778,0.8709677419354839,0.2222222222222222,0.5,DBC,LBC,46
396,0.6666666666666666,0.7419354838709677,0.3333333333333333,0.0,DBC,LBC,47
397,0.875,0.875,0.125,0.6666666666666666,DBC,LBC,48
398,0.8571428571428571,0.8181818181818182,0.14285714285714285,0.6666666666666666,DBC,LBC,49
399,0.7142857142857143,0.8484848484848485,0.2857142857142857,0.0,DBC,LBC,50
400,0.8333333333333334,1.0,0.16666666666666666,0.8,DBC,MC,1
401,1.0,1.0,0.0,1.0,DBC,MC,2
402,0.75,0.95,0.25,0.8,DBC,MC,3
403,1.0,0.95,0.0,1.0,DBC,MC,4
404,1.0,0.9,0.0,1.0,DBC,MC,5
405,1.0,1.0,0.0,1.0,DBC,MC,6
406,0.6666666666666666,1.0,0.3333333333333333,0.5,DBC,MC,7
407,1.0,1.0,0.0,1.0,DBC,MC,8
408,0.75,0.95,0.25,0.8,DBC,MC,9
409,0.75,0.95,0.25,0.8,DBC,MC,10
410,1.0,1.0,0.0,1.0,DBC,MC,11
411,0.8333333333333334,1.0,0.16666666666666666,0.8,DBC,MC,12
412,1.0,0.85,0.0,1.0,DBC,MC,13
413,1.0,1.0,0.0,1.0,DBC,MC,14
414,1.0,1.0,0.0,1.0,DBC,MC,15
415,0.8333333333333334,1.0,0.16666666666666666,0.8,DBC,MC,16
416,1.0,1.0,0.0,1.0,DBC,MC,17
417,0.75,1.0,0.25,0.8,DBC,MC,18
418,1.0,0.9,0.0,1.0,DBC,MC,19
419,1.0,1.0,0.0,1.0,DBC,MC,20
420,1.0,1.0,0.0,1.0,DBC,MC,21
421,0.8333333333333334,0.9444444444444444,0.16666666666666666,0.8571428571428571,DBC,MC,22
422,1.0,1.0,0.0,1.0,DBC,MC,23
423,1.0,1.0,0.0,1.0,DBC,MC,24
424,1.0,1.0,0.0,1.0,DBC,MC,25
425,0.6666666666666666,1.0,0.3333333333333333,0.7499999999999999,DBC,MC,26
426,1.0,1.0,0.0,1.0,DBC,MC,27
427,1.0,0.85,0.0,1.0,DBC,MC,28
428,1.0,1.0,0.0,1.0,DBC,MC,29
429,0.75,1.0,0.25,0.6666666666666666,DBC,MC,30
430,0.8333333333333334,1.0,0.16666666666666666,0.8,DBC,MC,31
431,1.0,1.0,0.0,1.0,DBC,MC,32
432,1.0,1.0,0.0,1.0,DBC,MC,33
433,1.0,1.0,0.0,1.0,DBC,MC,34
434,1.0,1.0,0.0,1.0,DBC,MC,35
435,1.0,1.0,0.0,1.0,DBC,MC,36
436,0.8333333333333334,1.0,0.16666666666666666,0.8,DBC,MC,37
437,1.0,1.0,0.0,1.0,DBC,MC,38
438,0.75,0.95,0.25,0.8,DBC,MC,39
439,1.0,1.0,0.0,1.0,DBC,MC,40
440,0.8333333333333334,1.0,0.16666666666666666,0.8,DBC,MC,41
441,1.0,1.0,0.0,1.0,DBC,MC,42
442,1.0,1.0,0.0,1.0,DBC,MC,43
443,0.75,0.95,0.25,0.8,DBC,MC,44
444,1.0,1.0,0.0,1.0,DBC,MC,45
445,0.8333333333333334,1.0,0.16666666666666666,0.8,DBC,MC,46
446,0.5,0.5,0.5,0.6666666666666666,DBC,MC,47
447,1.0,0.95,0.0,1.0,DBC,MC,48
448,0.75,0.95,0.25,0.8,DBC,MC,49
449,0.75,1.0,0.25,0.8,DBC,MC,50
450,0.8,1.0,0.2,0.8,DBC,NGC,1
451,0.8,0.9375,0.2,0.8571428571428571,DBC,NGC,2
452,1.0,0.8235294117647058,0.0,1.0,DBC,NGC,3
453,0.75,0.9411764705882353,0.25,0.8,DBC,NGC,4
454,0.6666666666666666,1.0,0.3333333333333333,0.8,DBC,NGC,5
455,0.8,0.875,0.2,0.8571428571428571,DBC,NGC,6
456,0.8,1.0,0.2,0.8571428571428571,DBC,NGC,7
457,0.75,1.0,0.25,0.6666666666666666,DBC,NGC,8
458,1.0,1.0,0.0,1.0,DBC,NGC,9
459,1.0,0.8888888888888888,0.0,1.0,DBC,NGC,10
460,0.8,0.875,0.2,0.8571428571428571,DBC,NGC,11
461,0.8,0.9375,0.2,0.8571428571428571,DBC,NGC,12
462,0.75,1.0,0.25,0.8,DBC,NGC,13
463,0.75,1.0,0.25,0.6666666666666666,DBC,NGC,14
464,1.0,0.9444444444444444,0.0,1.0,DBC,NGC,15
465,1.0,0.9375,0.0,1.0,DBC,NGC,16
466,0.8,1.0,0.2,0.8,DBC,NGC,17
467,0.75,1.0,0.25,0.8,DBC,NGC,18
468,1.0,0.9411764705882353,0.0,1.0,DBC,NGC,19
469,0.6666666666666666,0.9444444444444444,0.3333333333333333,0.8,DBC,NGC,20
470,0.8,1.0,0.2,0.8,DBC,NGC,21
471,0.6,0.9375,0.4,0.7499999999999999,DBC,NGC,22
472,0.75,1.0,0.25,0.8,DBC,NGC,23
473,1.0,0.8235294117647058,0.0,1.0,DBC,NGC,24
474,1.0,1.0,0.0,1.0,DBC,NGC,25
475,0.8,1.0,0.2,0.8,DBC,NGC,26
476,0.8,0.875,0.2,0.8571428571428571,DBC,NGC,27
477,1.0,0.8823529411764706,0.0,1.0,DBC,NGC,28
478,0.75,0.9411764705882353,0.25,0.8,DBC,NGC,29
479,0.6666666666666666,1.0,0.3333333333333333,0.8,DBC,NGC,30
480,0.8,1.0,0.2,0.8571428571428571,DBC,NGC,31
481,0.6,0.9375,0.4,0.7499999999999999,DBC,NGC,32
482,0.75,1.0,0.25,0.6666666666666666,DBC,NGC,33
483,1.0,0.9411764705882353,0.0,1.0,DBC,NGC,34
484,1.0,1.0,0.0,1.0,DBC,NGC,35
485,0.8,1.0,0.2,0.8,DBC,NGC,36
486,1.0,0.9375,0.0,1.0,DBC,NGC,37
487,0.75,0.9411764705882353,0.25,0.8,DBC,NGC,38
488,0.75,1.0,0.25,0.8,DBC,NGC,39
489,1.0,1.0,0.0,1.0,DBC,NGC,40
490,0.8,1.0,0.2,0.8571428571428571,DBC,NGC,41
491,1.0,1.0,0.0,1.0,DBC,NGC,42
492,0.75,0.8823529411764706,0.25,0.8,DBC,NGC,43
493,1.0,0.9411764705882353,0.0,1.0,DBC,NGC,44
494,0.6666666666666666,1.0,0.3333333333333333,0.6666666666666666,DBC,NGC,45
495,0.6,0.5625,0.4,0.7499999999999999,DBC,NGC,46
496,0.8,1.0,0.2,0.8,DBC,NGC,47
497,0.75,0.8823529411764706,0.25,0.8,DBC,NGC,48
498,0.5,1.0,0.5,0.6666666666666666,DBC,NGC,49
499,1.0,1.0,0.0,1.0,DBC,NGC,50
500,1.0,0.9411764705882353,0.0,1.0,DBC,SBC,1
501,0.8,1.0,0.2,0.8571428571428571,DBC,SBC,2
502,1.0,0.9473684210526315,0.0,1.0,DBC,SBC,3
503,1.0,0.9473684210526315,0.0,1.0,DBC,SBC,4
504,1.0,0.9473684210526315,0.0,1.0,DBC,SBC,5
505,0.8333333333333334,1.0,0.16666666666666666,0.8571428571428571,DBC,SBC,6
506,1.0,0.9444444444444444,0.0,1.0,DBC,SBC,7
507,1.0,0.9473684210526315,0.0,1.0,DBC,SBC,8
508,1.0,0.9473684210526315,0.0,1.0,DBC,SBC,9
509,0.75,0.9473684210526315,0.25,0.8,DBC,SBC,10
510,0.8333333333333334,1.0,0.16666666666666666,0.8571428571428571,DBC,SBC,11
511,1.0,1.0,0.0,1.0,DBC,SBC,12
512,1.0,0.9473684210526315,0.0,1.0,DBC,SBC,13
513,1.0,0.9473684210526315,0.0,1.0,DBC,SBC,14
514,1.0,0.9473684210526315,0.0,1.0,DBC,SBC,15
515,0.8333333333333334,1.0,0.16666666666666666,0.8571428571428571,DBC,SBC,16
516,1.0,0.9444444444444444,0.0,1.0,DBC,SBC,17
517,1.0,0.9473684210526315,0.0,1.0,DBC,SBC,18
518,1.0,0.9473684210526315,0.0,1.0,DBC,SBC,19
519,1.0,0.9473684210526315,0.0,1.0,DBC,SBC,20
520,1.0,1.0,0.0,1.0,DBC,SBC,21
521,1.0,0.9444444444444444,0.0,1.0,DBC,SBC,22
522,1.0,0.8947368421052632,0.0,1.0,DBC,SBC,23
523,1.0,0.9473684210526315,0.0,1.0,DBC,SBC,24
524,0.75,1.0,0.25,0.8,DBC,SBC,25
525,1.0,0.8823529411764706,0.0,1.0,DBC,SBC,26
526,0.8,0.9444444444444444,0.2,0.8571428571428571,DBC,SBC,27
527,1.0,0.9473684210526315,0.0,1.0,DBC,SBC,28
528,1.0,0.9473684210526315,0.0,1.0,DBC,SBC,29
529,1.0,0.9473684210526315,0.0,1.0,DBC,SBC,30
530,0.8333333333333334,0.9411764705882353,0.16666666666666666,0.8571428571428571,DBC,SBC,31
531,1.0,0.9444444444444444,0.0,1.0,DBC,SBC,32
532,1.0,0.9473684210526315,0.0,1.0,DBC,SBC,33
533,1.0,0.9473684210526315,0.0,1.0,DBC,SBC,34
534,0.5,1.0,0.5,0.5,DBC,SBC,35
535,1.0,1.0,0.0,1.0,DBC,SBC,36
536,1.0,0.9444444444444444,0.0,1.0,DBC,SBC,37
537,1.0,0.9473684210526315,0.0,1.0,DBC,SBC,38
538,0.75,1.0,0.25,0.8,DBC,SBC,39
539,1.0,0.9473684210526315,0.0,1.0,DBC,SBC,40
540,1.0,0.9411764705882353,0.0,1.0,DBC,SBC,41
541,1.0,0.9444444444444444,0.0,1.0,DBC,SBC,42
542,1.0,0.9473684210526315,0.0,1.0,DBC,SBC,43
543,0.5,1.0,0.5,0.5,DBC,SBC,44
544,1.0,0.9473684210526315,0.0,1.0,DBC,SBC,45
545,1.0,0.9411764705882353,0.0,1.0,DBC,SBC,46
546,1.0,0.9444444444444444,0.0,1.0,DBC,SBC,47
547,0.75,1.0,0.25,0.8,DBC,SBC,48
548,1.0,0.9473684210526315,0.0,1.0,DBC,SBC,49
549,1.0,0.9473684210526315,0.0,1.0,DBC,SBC,50
550,0.875,0.9285714285714286,0.125,0.6666666666666666,HBC,LBC,1
551,1.0,1.0,0.0,1.0,HBC,LBC,2
552,1.0,1.0,0.0,1.0,HBC,LBC,3
553,0.8333333333333334,1.0,0.16666666666666666,0.0,HBC,LBC,4
554,1.0,1.0,0.0,1.0,HBC,LBC,5
555,1.0,1.0,0.0,1.0,HBC,LBC,6
556,1.0,1.0,0.0,1.0,HBC,LBC,7
557,1.0,0.9642857142857143,0.0,1.0,HBC,LBC,8
558,1.0,1.0,0.0,1.0,HBC,LBC,9
559,0.8333333333333334,1.0,0.16666666666666666,0.0,HBC,LBC,10
560,1.0,1.0,0.0,1.0,HBC,LBC,11
561,0.875,1.0,0.125,0.6666666666666666,HBC,LBC,12
562,1.0,0.9642857142857143,0.0,1.0,HBC,LBC,13
563,1.0,0.9666666666666667,0.0,1.0,HBC,LBC,14
564,1.0,1.0,0.0,1.0,HBC,LBC,15
565,0.875,1.0,0.125,0.6666666666666666,HBC,LBC,16
566,1.0,1.0,0.0,1.0,HBC,LBC,17
567,1.0,1.0,0.0,1.0,HBC,LBC,18
568,1.0,0.9666666666666667,0.0,1.0,HBC,LBC,19
569,1.0,1.0,0.0,1.0,HBC,LBC,20
570,0.875,1.0,0.125,0.6666666666666666,HBC,LBC,21
571,1.0,1.0,0.0,1.0,HBC,LBC,22
572,1.0,1.0,0.0,1.0,HBC,LBC,23
573,1.0,1.0,0.0,1.0,HBC,LBC,24
574,1.0,1.0,0.0,1.0,HBC,LBC,25
575,1.0,1.0,0.0,1.0,HBC,LBC,26
576,0.875,1.0,0.125,0.6666666666666666,HBC,LBC,27
577,1.0,0.9642857142857143,0.0,1.0,HBC,LBC,28
578,1.0,0.9666666666666667,0.0,1.0,HBC,LBC,29
579,1.0,1.0,0.0,1.0,HBC,LBC,30
580,1.0,0.9642857142857143,0.0,1.0,HBC,LBC,31
581,1.0,1.0,0.0,1.0,HBC,LBC,32
582,1.0,1.0,0.0,1.0,HBC,LBC,33
583,1.0,1.0,0.0,1.0,HBC,LBC,34
584,0.8333333333333334,1.0,0.16666666666666666,0.0,HBC,LBC,35
585,1.0,1.0,0.0,1.0,HBC,LBC,36
586,1.0,0.9642857142857143,0.0,1.0,HBC,LBC,37
587,1.0,1.0,0.0,1.0,HBC,LBC,38
588,1.0,1.0,0.0,1.0,HBC,LBC,39
589,0.8333333333333334,1.0,0.16666666666666666,0.0,HBC,LBC,40
590,1.0,1.0,0.0,1.0,HBC,LBC,41
591,1.0,1.0,0.0,1.0,HBC,LBC,42
592,0.875,1.0,0.125,0.6666666666666666,HBC,LBC,43
593,1.0,0.9666666666666667,0.0,1.0,HBC,LBC,44
594,1.0,1.0,0.0,1.0,HBC,LBC,45
595,1.0,0.9285714285714286,0.0,1.0,HBC,LBC,46
596,1.0,1.0,0.0,1.0,HBC,LBC,47
597,0.875,1.0,0.125,0.6666666666666666,HBC,LBC,48
598,1.0,1.0,0.0,1.0,HBC,LBC,49
599,1.0,1.0,0.0,1.0,HBC,LBC,50
600,1.0,1.0,0.0,1.0,HBC,MC,1
601,1.0,1.0,0.0,1.0,HBC,MC,2
602,1.0,1.0,0.0,1.0,HBC,MC,3
603,1.0,1.0,0.0,1.0,HBC,MC,4
604,1.0,1.0,0.0,1.0,HBC,MC,5
605,1.0,1.0,0.0,1.0,HBC,MC,6
606,0.8,1.0,0.2,0.6666666666666666,HBC,MC,7
607,1.0,1.0,0.0,1.0,HBC,MC,8
608,1.0,1.0,0.0,1.0,HBC,MC,9
609,1.0,1.0,0.0,1.0,HBC,MC,10
610,1.0,1.0,0.0,1.0,HBC,MC,11
611,1.0,1.0,0.0,1.0,HBC,MC,12
612,1.0,1.0,0.0,1.0,HBC,MC,13
613,1.0,1.0,0.0,1.0,HBC,MC,14
614,1.0,1.0,0.0,1.0,HBC,MC,15
615,1.0,1.0,0.0,1.0,HBC,MC,16
616,1.0,1.0,0.0,1.0,HBC,MC,17
617,0.75,1.0,0.25,0.6666666666666666,HBC,MC,18
618,1.0,1.0,0.0,1.0,HBC,MC,19
619,1.0,1.0,0.0,1.0,HBC,MC,20
620,1.0,1.0,0.0,1.0,HBC,MC,21
621,0.8,1.0,0.2,0.6666666666666666,HBC,MC,22
622,1.0,1.0,0.0,1.0,HBC,MC,23
623,1.0,1.0,0.0,1.0,HBC,MC,24
624,1.0,1.0,0.0,1.0,HBC,MC,25
625,1.0,1.0,0.0,1.0,HBC,MC,26
626,1.0,1.0,0.0,1.0,HBC,MC,27
627,1.0,1.0,0.0,1.0,HBC,MC,28
628,1.0,1.0,0.0,1.0,HBC,MC,29
629,0.6666666666666666,1.0,0.3333333333333333,0.0,HBC,MC,30
630,1.0,1.0,0.0,1.0,HBC,MC,31
631,0.8,1.0,0.2,0.6666666666666666,HBC,MC,32
632,1.0,1.0,0.0,1.0,HBC,MC,33
633,1.0,1.0,0.0,1.0,HBC,MC,34
634,1.0,1.0,0.0,1.0,HBC,MC,35
635,0.8,1.0,0.2,0.6666666666666666,HBC,MC,36
636,1.0,1.0,0.0,1.0,HBC,MC,37
637,1.0,1.0,0.0,1.0,HBC,MC,38
638,1.0,1.0,0.0,1.0,HBC,MC,39
639,1.0,1.0,0.0,1.0,HBC,MC,40
640,0.8,1.0,0.2,0.6666666666666666,HBC,MC,41
641,1.0,1.0,0.0,1.0,HBC,MC,42
642,1.0,1.0,0.0,1.0,HBC,MC,43
643,1.0,1.0,0.0,1.0,HBC,MC,44
644,1.0,1.0,0.0,1.0,HBC,MC,45
645,0.8,1.0,0.2,0.6666666666666666,HBC,MC,46
646,1.0,1.0,0.0,1.0,HBC,MC,47
647,1.0,1.0,0.0,1.0,HBC,MC,48
648,1.0,1.0,0.0,1.0,HBC,MC,49
649,1.0,1.0,0.0,1.0,HBC,MC,50
650,1.0,0.9230769230769231,0.0,1.0,HBC,NGC,1
651,1.0,1.0,0.0,1.0,HBC,NGC,2
652,1.0,1.0,0.0,1.0,HBC,NGC,3
653,1.0,1.0,0.0,1.0,HBC,NGC,4
654,1.0,1.0,0.0,1.0,HBC,NGC,5
655,0.75,1.0,0.25,0.6666666666666666,HBC,NGC,6
656,1.0,1.0,0.0,1.0,HBC,NGC,7
657,1.0,1.0,0.0,1.0,HBC,NGC,8
658,1.0,1.0,0.0,1.0,HBC,NGC,9
659,1.0,1.0,0.0,1.0,HBC,NGC,10
660,1.0,1.0,0.0,1.0,HBC,NGC,11
661,1.0,1.0,0.0,1.0,HBC,NGC,12
662,1.0,1.0,0.0,1.0,HBC,NGC,13
663,1.0,1.0,0.0,1.0,HBC,NGC,14
664,0.5,1.0,0.5,0.0,HBC,NGC,15
665,1.0,1.0,0.0,1.0,HBC,NGC,16
666,1.0,1.0,0.0,1.0,HBC,NGC,17
667,1.0,1.0,0.0,1.0,HBC,NGC,18
668,0.6666666666666666,1.0,0.3333333333333333,0.0,HBC,NGC,19
669,1.0,0.9333333333333333,0.0,1.0,HBC,NGC,20
670,0.75,1.0,0.25,0.6666666666666666,HBC,NGC,21
671,1.0,1.0,0.0,1.0,HBC,NGC,22
672,1.0,1.0,0.0,1.0,HBC,NGC,23
673,1.0,1.0,0.0,1.0,HBC,NGC,24
674,1.0,0.9333333333333333,0.0,1.0,HBC,NGC,25
675,1.0,1.0,0.0,1.0,HBC,NGC,26
676,1.0,1.0,0.0,1.0,HBC,NGC,27
677,1.0,1.0,0.0,1.0,HBC,NGC,28
678,1.0,1.0,0.0,1.0,HBC,NGC,29
679,1.0,1.0,0.0,1.0,HBC,NGC,30
680,1.0,1.0,0.0,1.0,HBC,NGC,31
681,1.0,1.0,0.0,1.0,HBC,NGC,32
682,1.0,1.0,0.0,1.0,HBC,NGC,33
683,1.0,1.0,0.0,1.0,HBC,NGC,34
684,1.0,0.9333333333333333,0.0,1.0,HBC,NGC,35
685,0.75,1.0,0.25,0.6666666666666666,HBC,NGC,36
686,1.0,1.0,0.0,1.0,HBC,NGC,37
687,1.0,1.0,0.0,1.0,HBC,NGC,38
688,1.0,1.0,0.0,1.0,HBC,NGC,39
689,1.0,1.0,0.0,1.0,HBC,NGC,40
690,1.0,1.0,0.0,1.0,HBC,NGC,41
691,1.0,1.0,0.0,1.0,HBC,NGC,42
692,1.0,0.9230769230769231,0.0,1.0,HBC,NGC,43
693,0.6666666666666666,1.0,0.3333333333333333,0.0,HBC,NGC,44
694,1.0,1.0,0.0,1.0,HBC,NGC,45
695,1.0,1.0,0.0,1.0,HBC,NGC,46
696,0.75,1.0,0.25,0.6666666666666666,HBC,NGC,47
697,1.0,1.0,0.0,1.0,HBC,NGC,48
698,1.0,1.0,0.0,1.0,HBC,NGC,49
699,1.0,1.0,0.0,1.0,HBC,NGC,50
700,0.6,0.5714285714285714,0.4,0.0,HBC,SBC,1
701,0.5,0.6,0.5,0.0,HBC,SBC,2
702,0.75,0.8666666666666667,0.25,0.6666666666666666,HBC,SBC,3
703,0.6666666666666666,1.0,0.3333333333333333,0.0,HBC,SBC,4
704,0.6666666666666666,0.5625,0.3333333333333333,0.0,HBC,SBC,5
705,0.6,0.5714285714285714,0.4,0.0,HBC,SBC,6
706,0.25,1.0,0.75,0.0,HBC,SBC,7
707,0.75,0.8666666666666667,0.25,0.6666666666666666,HBC,SBC,8
708,0.6666666666666666,0.5625,0.3333333333333333,0.0,HBC,SBC,9
709,0.6666666666666666,1.0,0.3333333333333333,0.0,HBC,SBC,10
710,0.8,1.0,0.2,0.8,HBC,SBC,11
711,0.25,0.9333333333333333,0.75,0.4,HBC,SBC,12
712,0.75,0.8,0.25,0.6666666666666666,HBC,SBC,13
713,0.6666666666666666,0.5625,0.3333333333333333,0.0,HBC,SBC,14
714,0.6666666666666666,1.0,0.3333333333333333,0.0,HBC,SBC,15
715,0.6,0.5714285714285714,0.4,0.0,HBC,SBC,16
716,1.0,1.0,0.0,1.0,HBC,SBC,17
717,0.5,0.6,0.5,0.0,HBC,SBC,18
718,0.6666666666666666,0.75,0.3333333333333333,0.0,HBC,SBC,19
719,0.3333333333333333,1.0,0.6666666666666666,0.0,HBC,SBC,20
720,0.6,0.5714285714285714,0.4,0.0,HBC,SBC,21
721,0.5,0.6,0.5,0.0,HBC,SBC,22
722,0.75,1.0,0.25,0.6666666666666666,HBC,SBC,23
723,0.6666666666666666,0.5625,0.3333333333333333,0.0,HBC,SBC,24
724,0.6666666666666666,0.9375,0.3333333333333333,0.6666666666666666,HBC,SBC,25
725,0.6,0.5714285714285714,0.4,0.0,HBC,SBC,26
726,0.5,0.6,0.5,0.0,HBC,SBC,27
727,0.5,1.0,0.5,0.0,HBC,SBC,28
728,0.6666666666666666,1.0,0.3333333333333333,0.0,HBC,SBC,29
729,0.3333333333333333,1.0,0.6666666666666666,0.5,HBC,SBC,30
730,0.8,1.0,0.2,0.6666666666666666,HBC,SBC,31
731,0.75,0.7333333333333333,0.25,0.6666666666666666,HBC,SBC,32
732,0.75,0.9333333333333333,0.25,0.8,HBC,SBC,33
733,0.6666666666666666,0.5625,0.3333333333333333,0.0,HBC,SBC,34
734,0.6666666666666666,0.5625,0.3333333333333333,0.0,HBC,SBC,35
735,0.4,0.9285714285714286,0.6,0.4,HBC,SBC,36
736,0.5,0.6,0.5,0.0,HBC,SBC,37
737,0.5,0.7333333333333333,0.5,0.0,HBC,SBC,38
738,0.6666666666666666,0.5625,0.3333333333333333,0.0,HBC,SBC,39
739,0.6666666666666666,0.9375,0.3333333333333333,0.0,HBC,SBC,40
740,0.6,0.5714285714285714,0.4,0.0,HBC,SBC,41
741,0.5,1.0,0.5,0.0,HBC,SBC,42
742,0.5,0.7333333333333333,0.5,0.0,HBC,SBC,43
743,0.6666666666666666,0.5625,0.3333333333333333,0.0,HBC,SBC,44
744,0.6666666666666666,0.5625,0.3333333333333333,0.0,HBC,SBC,45
745,0.6,0.5714285714285714,0.4,0.0,HBC,SBC,46
746,0.5,0.6,0.5,0.0,HBC,SBC,47
747,1.0,0.9333333333333333,0.0,1.0,HBC,SBC,48
748,0.6666666666666666,0.9375,0.3333333333333333,0.0,HBC,SBC,49
749,0.6666666666666666,0.75,0.3333333333333333,0.6666666666666666,HBC,SBC,50
750,1.0,1.0,0.0,1.0,LBC,MC,1
751,0.8888888888888888,1.0,0.1111111111111111,0.923076923076923,LBC,MC,2
752,0.875,1.0,0.125,0.923076923076923,LBC,MC,3
753,1.0,1.0,0.0,1.0,LBC,MC,4
754,0.8571428571428571,1.0,0.14285714285714285,0.888888888888889,LBC,MC,5
755,1.0,1.0,0.0,1.0,LBC,MC,6
756,0.8888888888888888,1.0,0.1111111111111111,0.9090909090909091,LBC,MC,7
757,0.875,1.0,0.125,0.923076923076923,LBC,MC,8
758,1.0,1.0,0.0,1.0,LBC,MC,9
759,1.0,1.0,0.0,1.0,LBC,MC,10
760,1.0,1.0,0.0,1.0,LBC,MC,11
761,0.7777777777777778,1.0,0.2222222222222222,0.8333333333333334,LBC,MC,12
762,1.0,1.0,0.0,1.0,LBC,MC,13
763,0.8571428571428571,1.0,0.14285714285714285,0.9090909090909091,LBC,MC,14
764,1.0,1.0,0.0,1.0,LBC,MC,15
765,0.8888888888888888,1.0,0.1111111111111111,0.923076923076923,LBC,MC,16
766,0.8888888888888888,1.0,0.1111111111111111,0.923076923076923,LBC,MC,17
767,1.0,1.0,0.0,1.0,LBC,MC,18
768,1.0,1.0,0.0,1.0,LBC,MC,19
769,1.0,1.0,0.0,1.0,LBC,MC,20
770,0.8888888888888888,1.0,0.1111111111111111,0.923076923076923,LBC,MC,21
771,0.8888888888888888,1.0,0.1111111111111111,0.9090909090909091,LBC,MC,22
772,1.0,1.0,0.0,1.0,LBC,MC,23
773,1.0,0.9696969696969697,0.0,1.0,LBC,MC,24
774,1.0,1.0,0.0,1.0,LBC,MC,25
775,1.0,1.0,0.0,1.0,LBC,MC,26
776,1.0,1.0,0.0,1.0,LBC,MC,27
777,0.875,1.0,0.125,0.923076923076923,LBC,MC,28
778,1.0,1.0,0.0,1.0,LBC,MC,29
779,1.0,1.0,0.0,1.0,LBC,MC,30
780,1.0,1.0,0.0,1.0,LBC,MC,31
781,1.0,1.0,0.0,1.0,LBC,MC,32
782,1.0,1.0,0.0,1.0,LBC,MC,33
783,1.0,1.0,0.0,1.0,LBC,MC,34
784,0.8571428571428571,1.0,0.14285714285714285,0.9090909090909091,LBC,MC,35
785,1.0,1.0,0.0,1.0,LBC,MC,36
786,1.0,1.0,0.0,1.0,LBC,MC,37
787,1.0,1.0,0.0,1.0,LBC,MC,38
788,0.8571428571428571,1.0,0.14285714285714285,0.9090909090909091,LBC,MC,39
789,1.0,1.0,0.0,1.0,LBC,MC,40
790,0.8888888888888888,1.0,0.1111111111111111,0.923076923076923,LBC,MC,41
791,0.6666666666666666,0.7096774193548387,0.3333333333333333,0.8,LBC,MC,42
792,1.0,1.0,0.0,1.0,LBC,MC,43
793,1.0,1.0,0.0,1.0,LBC,MC,44
794,0.8571428571428571,1.0,0.14285714285714285,0.888888888888889,LBC,MC,45
795,1.0,1.0,0.0,1.0,LBC,MC,46
796,0.8888888888888888,1.0,0.1111111111111111,0.9090909090909091,LBC,MC,47
797,1.0,0.96875,0.0,1.0,LBC,MC,48
798,1.0,1.0,0.0,1.0,LBC,MC,49
799,0.8571428571428571,1.0,0.14285714285714285,0.9090909090909091,LBC,MC,50
800,0.75,0.9310344827586207,0.25,0.8571428571428571,LBC,NGC,1
801,0.875,1.0,0.125,0.923076923076923,LBC,NGC,2
802,1.0,0.9655172413793104,0.0,1.0,LBC,NGC,3
803,1.0,0.9666666666666667,0.0,1.0,LBC,NGC,4
804,1.0,0.967741935483871,0.0,1.0,LBC,NGC,5
805,0.875,0.9655172413793104,0.125,0.923076923076923,LBC,NGC,6
806,0.875,1.0,0.125,0.923076923076923,LBC,NGC,7
807,1.0,0.9655172413793104,0.0,1.0,LBC,NGC,8
808,0.8571428571428571,0.9666666666666667,0.14285714285714285,0.9090909090909091,LBC,NGC,9
809,1.0,0.967741935483871,0.0,1.0,LBC,NGC,10
810,0.875,0.9655172413793104,0.125,0.923076923076923,LBC,NGC,11
811,1.0,0.9655172413793104,0.0,1.0,LBC,NGC,12
812,0.875,0.9655172413793104,0.125,0.923076923076923,LBC,NGC,13
813,0.8571428571428571,1.0,0.14285714285714285,0.9090909090909091,LBC,NGC,14
814,1.0,0.967741935483871,0.0,1.0,LBC,NGC,15
815,1.0,0.9310344827586207,0.0,1.0,LBC,NGC,16
816,0.875,0.9655172413793104,0.125,0.923076923076923,LBC,NGC,17
817,0.875,1.0,0.125,0.923076923076923,LBC,NGC,18
818,1.0,0.9666666666666667,0.0,1.0,LBC,NGC,19
819,1.0,0.967741935483871,0.0,1.0,LBC,NGC,20
820,0.875,0.9655172413793104,0.125,0.923076923076923,LBC,NGC,21
821,1.0,0.9655172413793104,0.0,1.0,LBC,NGC,22
822,0.875,1.0,0.125,0.923076923076923,LBC,NGC,23
823,1.0,0.9666666666666667,0.0,1.0,LBC,NGC,24
824,1.0,0.967741935483871,0.0,1.0,LBC,NGC,25
825,1.0,0.9655172413793104,0.0,1.0,LBC,NGC,26
826,0.875,0.9655172413793104,0.125,0.923076923076923,LBC,NGC,27
827,0.875,1.0,0.125,0.923076923076923,LBC,NGC,28
828,1.0,0.9666666666666667,0.0,1.0,LBC,NGC,29
829,1.0,0.967741935483871,0.0,1.0,LBC,NGC,30
830,0.875,1.0,0.125,0.923076923076923,LBC,NGC,31
831,0.875,0.9655172413793104,0.125,0.923076923076923,LBC,NGC,32
832,1.0,0.9655172413793104,0.0,1.0,LBC,NGC,33
833,1.0,0.9333333333333333,0.0,1.0,LBC,NGC,34
834,1.0,0.967741935483871,0.0,1.0,LBC,NGC,35
835,0.875,0.9655172413793104,0.125,0.923076923076923,LBC,NGC,36
836,0.875,0.896551724137931,0.125,0.923076923076923,LBC,NGC,37
837,0.875,1.0,0.125,0.923076923076923,LBC,NGC,38
838,0.8571428571428571,0.9666666666666667,0.14285714285714285,0.9090909090909091,LBC,NGC,39
839,1.0,0.967741935483871,0.0,1.0,LBC,NGC,40
840,0.875,1.0,0.125,0.923076923076923,LBC,NGC,41
841,0.75,0.9655172413793104,0.25,0.8571428571428571,LBC,NGC,42
842,1.0,0.9655172413793104,0.0,1.0,LBC,NGC,43
843,1.0,0.9666666666666667,0.0,1.0,LBC,NGC,44
844,1.0,0.967741935483871,0.0,1.0,LBC,NGC,45
845,0.875,0.9655172413793104,0.125,0.923076923076923,LBC,NGC,46
846,1.0,0.9655172413793104,0.0,1.0,LBC,NGC,47
847,0.875,1.0,0.125,0.923076923076923,LBC,NGC,48
848,1.0,0.9666666666666667,0.0,1.0,LBC,NGC,49
849,1.0,0.9354838709677419,0.0,1.0,LBC,NGC,50
850,0.8888888888888888,1.0,0.1111111111111111,0.923076923076923,LBC,SBC,1
851,1.0,0.9354838709677419,0.0,1.0,LBC,SBC,2
852,1.0,0.9354838709677419,0.0,1.0,LBC,SBC,3
853,1.0,0.9375,0.0,1.0,LBC,SBC,4
854,0.8571428571428571,0.96875,0.14285714285714285,0.9090909090909091,LBC,SBC,5
855,0.8888888888888888,1.0,0.1111111111111111,0.923076923076923,LBC,SBC,6
856,0.875,0.967741935483871,0.125,0.923076923076923,LBC,SBC,7
857,1.0,0.9354838709677419,0.0,1.0,LBC,SBC,8
858,1.0,0.9375,0.0,1.0,LBC,SBC,9
859,1.0,0.9375,0.0,1.0,LBC,SBC,10
860,0.8888888888888888,0.9,0.1111111111111111,0.923076923076923,LBC,SBC,11
861,1.0,0.9354838709677419,0.0,1.0,LBC,SBC,12
862,0.875,0.967741935483871,0.125,0.923076923076923,LBC,SBC,13
863,0.8571428571428571,1.0,0.14285714285714285,0.9090909090909091,LBC,SBC,14
864,1.0,0.9375,0.0,1.0,LBC,SBC,15
865,1.0,0.9333333333333333,0.0,1.0,LBC,SBC,16
866,0.875,0.967741935483871,0.125,0.923076923076923,LBC,SBC,17
867,1.0,0.9354838709677419,0.0,1.0,LBC,SBC,18
868,1.0,0.9375,0.0,1.0,LBC,SBC,19
869,0.8571428571428571,1.0,0.14285714285714285,0.9090909090909091,LBC,SBC,20
870,1.0,0.8666666666666667,0.0,1.0,LBC,SBC,21
871,1.0,0.9354838709677419,0.0,1.0,LBC,SBC,22
872,0.875,1.0,0.125,0.923076923076923,LBC,SBC,23
873,1.0,0.9375,0.0,1.0,LBC,SBC,24
874,0.8571428571428571,0.96875,0.14285714285714285,0.9090909090909091,LBC,SBC,25
875,1.0,0.9333333333333333,0.0,1.0,LBC,SBC,26
876,0.875,1.0,0.125,0.923076923076923,LBC,SBC,27
877,1.0,0.9354838709677419,0.0,1.0,LBC,SBC,28
878,0.8571428571428571,0.96875,0.14285714285714285,0.9090909090909091,LBC,SBC,29
879,1.0,0.9375,0.0,1.0,LBC,SBC,30
880,0.8888888888888888,0.9333333333333333,0.1111111111111111,0.923076923076923,LBC,SBC,31
881,1.0,0.9354838709677419,0.0,1.0,LBC,SBC,32
882,0.875,1.0,0.125,0.923076923076923,LBC,SBC,33
883,1.0,0.9375,0.0,1.0,LBC,SBC,34
884,0.8571428571428571,0.96875,0.14285714285714285,0.9090909090909091,LBC,SBC,35
885,1.0,0.9333333333333333,0.0,1.0,LBC,SBC,36
886,0.875,0.967741935483871,0.125,0.923076923076923,LBC,SBC,37
887,1.0,0.9354838709677419,0.0,1.0,LBC,SBC,38
888,0.8571428571428571,1.0,0.14285714285714285,0.9090909090909091,LBC,SBC,39
889,1.0,0.875,0.0,1.0,LBC,SBC,40
890,0.8888888888888888,0.9,0.1111111111111111,0.923076923076923,LBC,SBC,41
891,1.0,0.9354838709677419,0.0,1.0,LBC,SBC,42
892,0.875,1.0,0.125,0.923076923076923,LBC,SBC,43
893,0.8571428571428571,0.96875,0.14285714285714285,0.9090909090909091,LBC,SBC,44
894,1.0,0.9375,0.0,1.0,LBC,SBC,45
895,1.0,0.9333333333333333,0.0,1.0,LBC,SBC,46
896,0.875,0.967741935483871,0.125,0.923076923076923,LBC,SBC,47
897,1.0,0.9354838709677419,0.0,1.0,LBC,SBC,48
898,1.0,0.9375,0.0,1.0,LBC,SBC,49
899,0.8571428571428571,1.0,0.14285714285714285,0.9090909090909091,LBC,SBC,50
900,1.0,1.0,0.0,1.0,MC,NGC,1
901,1.0,1.0,0.0,1.0,MC,NGC,2
902,1.0,1.0,0.0,1.0,MC,NGC,3
903,0.75,1.0,0.25,0.8,MC,NGC,4
904,1.0,1.0,0.0,1.0,MC,NGC,5
905,1.0,1.0,0.0,1.0,MC,NGC,6
906,1.0,1.0,0.0,1.0,MC,NGC,7
907,1.0,1.0,0.0,1.0,MC,NGC,8
908,1.0,1.0,0.0,1.0,MC,NGC,9
909,1.0,1.0,0.0,1.0,MC,NGC,10
910,0.8,0.875,0.2,0.8571428571428571,MC,NGC,11
911,0.8,1.0,0.2,0.8,MC,NGC,12
912,0.75,1.0,0.25,0.8,MC,NGC,13
913,1.0,1.0,0.0,1.0,MC,NGC,14
914,1.0,1.0,0.0,1.0,MC,NGC,15
915,0.8,1.0,0.2,0.8571428571428571,MC,NGC,16
916,1.0,1.0,0.0,1.0,MC,NGC,17
917,0.75,1.0,0.25,0.8,MC,NGC,18
918,1.0,1.0,0.0,1.0,MC,NGC,19
919,1.0,1.0,0.0,1.0,MC,NGC,20
920,1.0,1.0,0.0,1.0,MC,NGC,21
921,1.0,1.0,0.0,1.0,MC,NGC,22
922,1.0,1.0,0.0,1.0,MC,NGC,23
923,1.0,1.0,0.0,1.0,MC,NGC,24
924,0.6666666666666666,1.0,0.3333333333333333,0.8,MC,NGC,25
925,1.0,1.0,0.0,1.0,MC,NGC,26
926,1.0,1.0,0.0,1.0,MC,NGC,27
927,1.0,1.0,0.0,1.0,MC,NGC,28
928,1.0,1.0,0.0,1.0,MC,NGC,29
929,0.6666666666666666,1.0,0.3333333333333333,0.8,MC,NGC,30
930,1.0,1.0,0.0,1.0,MC,NGC,31
931,0.8,1.0,0.2,0.8571428571428571,MC,NGC,32
932,0.75,1.0,0.25,0.8,MC,NGC,33
933,1.0,1.0,0.0,1.0,MC,NGC,34
934,1.0,1.0,0.0,1.0,MC,NGC,35
935,1.0,1.0,0.0,1.0,MC,NGC,36
936,1.0,1.0,0.0,1.0,MC,NGC,37
937,1.0,1.0,0.0,1.0,MC,NGC,38
938,0.75,1.0,0.25,0.8,MC,NGC,39
939,1.0,1.0,0.0,1.0,MC,NGC,40
940,1.0,1.0,0.0,1.0,MC,NGC,41
941,1.0,1.0,0.0,1.0,MC,NGC,42
942,1.0,1.0,0.0,1.0,MC,NGC,43
943,1.0,1.0,0.0,1.0,MC,NGC,44
944,1.0,1.0,0.0,1.0,MC,NGC,45
945,1.0,1.0,0.0,1.0,MC,NGC,46
946,0.8,1.0,0.2,0.8571428571428571,MC,NGC,47
947,1.0,1.0,0.0,1.0,MC,NGC,48
948,0.75,1.0,0.25,0.8,MC,NGC,49
949,1.0,1.0,0.0,1.0,MC,NGC,50
950,1.0,1.0,0.0,1.0,MC,SBC,1
951,0.8,1.0,0.2,0.8571428571428571,MC,SBC,2
952,1.0,1.0,0.0,1.0,MC,SBC,3
953,1.0,0.9473684210526315,0.0,1.0,MC,SBC,4
954,1.0,0.9473684210526315,0.0,1.0,MC,SBC,5
955,0.8333333333333334,1.0,0.16666666666666666,0.8571428571428571,MC,SBC,6
956,1.0,1.0,0.0,1.0,MC,SBC,7
957,1.0,0.9473684210526315,0.0,1.0,MC,SBC,8
958,1.0,0.9473684210526315,0.0,1.0,MC,SBC,9
959,1.0,1.0,0.0,1.0,MC,SBC,10
960,0.8333333333333334,1.0,0.16666666666666666,0.8571428571428571,MC,SBC,11
961,1.0,1.0,0.0,1.0,MC,SBC,12
962,1.0,1.0,0.0,1.0,MC,SBC,13
963,1.0,0.9473684210526315,0.0,1.0,MC,SBC,14
964,1.0,0.9473684210526315,0.0,1.0,MC,SBC,15
965,0.8333333333333334,1.0,0.16666666666666666,0.8571428571428571,MC,SBC,16
966,1.0,0.9444444444444444,0.0,1.0,MC,SBC,17
967,1.0,1.0,0.0,1.0,MC,SBC,18
968,1.0,0.9473684210526315,0.0,1.0,MC,SBC,19
969,1.0,1.0,0.0,1.0,MC,SBC,20
970,1.0,0.9411764705882353,0.0,1.0,MC,SBC,21
971,1.0,0.9444444444444444,0.0,1.0,MC,SBC,22
972,1.0,0.9473684210526315,0.0,1.0,MC,SBC,23
973,1.0,1.0,0.0,1.0,MC,SBC,24
974,0.75,1.0,0.25,0.8,MC,SBC,25
975,1.0,1.0,0.0,1.0,MC,SBC,26
976,0.8,1.0,0.2,0.8571428571428571,MC,SBC,27
977,1.0,0.9473684210526315,0.0,1.0,MC,SBC,28
978,1.0,0.9473684210526315,0.0,1.0,MC,SBC,29
979,1.0,1.0,0.0,1.0,MC,SBC,30
980,1.0,1.0,0.0,1.0,MC,SBC,31
981,1.0,0.9444444444444444,0.0,1.0,MC,SBC,32
982,1.0,1.0,0.0,1.0,MC,SBC,33
983,1.0,0.9473684210526315,0.0,1.0,MC,SBC,34
984,0.75,1.0,0.25,0.8,MC,SBC,35
985,1.0,1.0,0.0,1.0,MC,SBC,36
986,1.0,1.0,0.0,1.0,MC,SBC,37
987,1.0,1.0,0.0,1.0,MC,SBC,38
988,0.75,1.0,0.25,0.8,MC,SBC,39
989,1.0,0.9473684210526315,0.0,1.0,MC,SBC,40
990,1.0,1.0,0.0,1.0,MC,SBC,41
991,1.0,1.0,0.0,1.0,MC,SBC,42
992,1.0,1.0,0.0,1.0,MC,SBC,43
993,0.75,1.0,0.25,0.8,MC,SBC,44
994,1.0,0.9473684210526315,0.0,1.0,MC,SBC,45
995,1.0,0.9411764705882353,0.0,1.0,MC,SBC,46
996,1.0,1.0,0.0,1.0,MC,SBC,47
997,0.75,1.0,0.25,0.8,MC,SBC,48
998,1.0,0.9473684210526315,0.0,1.0,MC,SBC,49
999,1.0,1.0,0.0,1.0,MC,SBC,50
1000,0.6,0.5333333333333333,0.4,0.0,NGC,SBC,1
1001,0.75,1.0,0.25,0.8,NGC,SBC,2
1002,0.75,0.875,0.25,0.6666666666666666,NGC,SBC,3
1003,0.75,0.625,0.25,0.6666666666666666,NGC,SBC,4
1004,1.0,1.0,0.0,1.0,NGC,SBC,5
1005,0.6,0.5333333333333333,0.4,0.0,NGC,SBC,6
1006,0.75,0.75,0.25,0.6666666666666666,NGC,SBC,7
1007,0.75,0.875,0.25,0.6666666666666666,NGC,SBC,8
1008,0.75,1.0,0.25,0.8,NGC,SBC,9
1009,0.6666666666666666,0.8823529411764706,0.3333333333333333,0.0,NGC,SBC,10
1010,0.8,1.0,0.2,0.8,NGC,SBC,11
1011,0.5,0.875,0.5,0.0,NGC,SBC,12
1012,0.5,0.5625,0.5,0.0,NGC,SBC,13
1013,1.0,1.0,0.0,1.0,NGC,SBC,14
1014,0.6666666666666666,0.8823529411764706,0.3333333333333333,0.0,NGC,SBC,15
1015,0.8,1.0,0.2,0.8,NGC,SBC,16
1016,0.75,0.875,0.25,0.6666666666666666,NGC,SBC,17
1017,0.75,1.0,0.25,0.6666666666666666,NGC,SBC,18
1018,1.0,1.0,0.0,1.0,NGC,SBC,19
1019,1.0,0.9411764705882353,0.0,1.0,NGC,SBC,20
1020,0.8,1.0,0.2,0.6666666666666666,NGC,SBC,21
1021,0.75,0.9375,0.25,0.6666666666666666,NGC,SBC,22
1022,0.5,0.5625,0.5,0.0,NGC,SBC,23
1023,1.0,1.0,0.0,1.0,NGC,SBC,24
1024,0.6666666666666666,1.0,0.3333333333333333,0.6666666666666666,NGC,SBC,25
1025,1.0,1.0,0.0,1.0,NGC,SBC,26
1026,0.75,0.875,0.25,0.6666666666666666,NGC,SBC,27
1027,0.5,0.5625,0.5,0.0,NGC,SBC,28
1028,0.75,1.0,0.25,0.8,NGC,SBC,29
1029,0.6666666666666666,0.5294117647058824,0.3333333333333333,0.0,NGC,SBC,30
1030,0.8,1.0,0.2,0.8,NGC,SBC,31
1031,0.75,1.0,0.25,0.6666666666666666,NGC,SBC,32
1032,1.0,0.8125,0.0,1.0,NGC,SBC,33
1033,0.75,0.9375,0.25,0.6666666666666666,NGC,SBC,34
1034,1.0,1.0,0.0,1.0,NGC,SBC,35
1035,0.6,0.5333333333333333,0.4,0.0,NGC,SBC,36
1036,0.75,0.6875,0.25,0.6666666666666666,NGC,SBC,37
1037,1.0,0.9375,0.0,1.0,NGC,SBC,38
1038,0.5,1.0,0.5,0.5,NGC,SBC,39
1039,1.0,1.0,0.0,1.0,NGC,SBC,40
1040,0.6,0.5333333333333333,0.4,0.0,NGC,SBC,41
1041,1.0,0.875,0.0,1.0,NGC,SBC,42
1042,0.75,0.875,0.25,0.6666666666666666,NGC,SBC,43
1043,0.5,0.5625,0.5,0.0,NGC,SBC,44
1044,0.6666666666666666,1.0,0.3333333333333333,0.6666666666666666,NGC,SBC,45
1045,0.8,0.8666666666666667,0.2,0.6666666666666666,NGC,SBC,46
1046,0.75,0.9375,0.25,0.6666666666666666,NGC,SBC,47
1047,0.75,1.0,0.25,0.8,NGC,SBC,48
1048,1.0,1.0,0.0,1.0,NGC,SBC,49
1049,0.6666666666666666,0.5294117647058824,0.3333333333333333,0.0,NGC,SBC,50
