,branch_points,depth,height,max_branch_angle,max_branch_order,max_path_angle,max_path_dist_to_soma,max_segment_length,max_tortuosity,mean_branch_angle,mean_path_angle,mean_tortuosity,min_branch_angle,min_path_angle,min_tortuosity,name,stems,tips,total_length,type,width
name,14,74.05999999999999,586.18,170.82809853065072,6,173.56321204515845,399.0783084729965,228.60896964030087,1.542144992280934,65.17364176810291,26.950501515126685,1.20461531336789,0.12203045816530116,0.0,1.0,BPC_2017 10 02 slice 4 cell 2 rotated.swc,8,22,3245.8886867144583,BPC,235.56
name,138,84.45,225.19,178.63879579053392,19,177.59020546218872,644.7890229673677,98.11064060539002,9.31277415746002,82.49593721992876,33.855936223395986,1.6672353116634013,0.03733728941374285,0.0,1.0,SC_2017 16 06 slice 1 cell 2 rotated.swc,10,150,10560.327418695384,SC,391.99
name,121,67.03,482.75,177.47427268982926,20,180.0,816.8111152832471,203.4821709634532,11.030753707772735,85.97638276421056,28.632789998743508,1.532030892304617,0.008656951630613325,0.0,1.0,MC_2015 04 07 slice 2 cell 7.swc,23,146,16727.157634415937,MC,480.82
name,149,161.35,673.24,163.9323681346522,18,180.0,1073.5765569578864,464.75956256972273,6.763580545540046,74.13003790597834,26.552061198895476,1.438060195860253,0.04493251629591436,0.0,1.0,BC_2017 16 10 slice 3 cell 2 rotated.swc,8,163,23954.475722918563,BC,653.3199999999999
name,102,103.03,719.1800000000001,155.1067159150143,12,169.87283130021822,699.5521716520876,242.46802139663697,2.525487579377832,66.94177864336814,27.02417636250279,1.2902169940571433,4.895821552273973,0.0,1.0,DBC_2017 04 07 slice 2 cell 6 rotated.swc,12,119,15664.405491835689,DBC,333.32
name,149,91.03,510.11,162.90628886229155,17,176.16285150785504,675.9098908301862,228.7722094136436,3.027275894303242,69.63050571529773,30.892128124988613,1.3866986826655705,0.017496010367565026,0.0,1.0,DBC_2017 25 09 slice 2 cell 7 rotated.swc,8,163,16329.866055614775,DBC,319.15999999999997
name,80,91.83000000000001,230.2,158.75183194311072,14,176.21617525499693,596.5771224123731,190.1623966508626,5.1677776012193295,71.38403498213366,29.171938651056795,1.4305106516209167,0.05108395339375397,0.0,1.0,HEC_2017 03 07 slice 1 cell 7 rotated.swc,8,89,8791.561964208493,HEC,425.13
name,66,123.24,223.97,173.35956910269957,11,179.8167797672507,715.3049450443192,216.08703177192282,5.857039833741459,72.39320023245244,26.88755361261204,1.494099251693237,0.09375998094879567,0.0,1.0,HEC_2017 30 01 slice 2 cell 7 rotated.swc,8,85,13934.417226015283,HEC,561.59
name,248,100.0,491.31000000000006,167.992751619315,25,178.63123844157516,1054.7659499759136,265.9613990788889,3.255407478150844,75.27482332768875,33.603846917631465,1.4786453493101481,0.06150537345911257,0.0,1.0,SC_2016 09 06 slice C cell 7 rotated.swc,14,288,29795.688079665364,SC,585.1800000000001
name,74,63.03,273.54,172.3904804571346,15,179.44374777291935,488.00645252962124,195.03975646006123,2.977551012151421,77.37719456972157,26.913253447893354,1.2778740362660719,0.06636613437434091,0.0,1.0,SC_2017 12 09 slice 1 cell 7 rotated.swc,10,88,7731.081259219653,SC,353.14
name,121,98.03,526.16,175.9168312439599,20,176.66646169949448,935.8282831975459,197.1043918840978,5.8677068623142485,80.59757626542691,29.52941546301726,1.631100901254265,0.018367428066987,0.0,1.0,MC_2017 22 08 slice 2 cell 7 rotated.swc,6,131,15893.084329269117,MC,319.81
name,204,78.59,400.23,178.62514429926367,25,176.78976982132463,842.4458047085459,222.68816223589434,4.057551302585171,80.1750031877994,26.82940360803709,1.420005052828582,0.055772570234083545,0.0,1.0,NFC_2017 25 10 slice 2 cell 7 rotated.swc,12,225,22878.24887026262,NFC,452.04
name,65,83.62,207.36,176.40700013371497,12,177.80005198594023,435.6236818225588,174.35702738920503,4.093231872585592,72.78282731231877,33.471398289587704,1.481660042512753,0.03449868392390451,0.0,1.0,HEC_2017 06 03 slice 5 cell 7 rotated.swc,12,86,9253.16531511039,HEC,411.89
name,142,90.52000000000001,882.9,170.51933247328893,27,180.0,1859.2286526390794,348.6110178981726,44.845597589360146,82.64427943329359,29.44135186540094,2.09720912962279,0.0497343572443288,0.0,1.0,SOM L4 S1_j161128s2c6 rotated.swc,8,151,34575.94777731169,SOM L4 S1,648.39
name,133,133.14,777.8599999999999,173.5165542589145,25,178.84781689055774,709.6357067707764,337.73958370318394,4.235191845508084,72.2680233862038,28.2478866796169,1.4523389997521723,0.6305866143728527,0.0,1.0,MC_2017 19 07 slice 4 cell7 rotated.swc,7,146,15608.455377909497,MC,363.65
name,126,148.29999999999998,712.24,177.27681410573283,35,177.84674977576785,1306.8457016128207,286.9788365019274,6.266706495648284,80.14286509752814,26.41998472686824,1.5360928692847684,0.017271567955807785,0.0,1.0,BC_2018 22 09 slice 3 cell 2 rotated.swc,8,137,24635.33096779376,BC,535.5
name,222,115.72,818.94,173.44575187970625,18,176.76119190505756,1061.0293048439692,254.97071067085332,2.7617742113004002,66.26501521597027,29.952967092063165,1.3232931471005047,0.046841141653438306,0.0,1.0,DBC_2017 03 04 slice 4 cell 2 rotated.swc,8,237,28290.8318986011,DBC,485.87
name,128,72.19,535.75,175.48026462308434,16,172.144319997989,710.2396361382698,259.4587637756721,1.9638465760154538,75.56747872564635,25.46756584518652,1.1981097519129138,0.026627239008314922,0.0,1.0,BC_2016 13 08 slice 2 cell 2 rotated.swc,16,147,13736.769258258688,BC,582.0999999999999
name,111,120.99,626.42,174.39743580063652,16,180.0,800.2142136444166,226.42781940388863,5.67329213917408,72.12835401368127,35.495137116151405,1.61595645711288,0.027649860081542056,0.0,1.0,BC_2017 27 01 slice 4 cell 7 rotated.swc,14,124,13864.545912002197,BC,454.85
name,191,113.94,706.8199999999999,174.79218869857468,21,179.4636157287177,767.6684320190622,346.5335946196271,2.451218969103815,74.56416501764063,29.087054686627027,1.2990322289812277,0.33701508458796486,0.0,1.0,MC_2017 03 05 slice 3 cell 7 rotated.swc,11,210,21613.2770528997,MC,441.39
name,123,84.75,514.17,170.4545462178435,15,180.0,603.5679487052362,289.752125962865,3.240523262517389,70.78916126914963,28.218134465820967,1.329698022860193,0.043562049149658916,0.0,1.0,MC_2017 17 04 slice 1 cell 7 rotated.swc,12,146,18822.981522454178,MC,437.47
name,302,147.07,773.0999999999999,171.3327723344127,31,180.0,1773.60835888275,441.10700969265946,17.188570901998496,81.63752346486082,32.395755841192525,1.980499287271319,7.793428381115942,0.0,1.0,SOM L4 S1_j161128s1c7 rotated.swc,5,315,49388.40230993752,SOM L4 S1,517.42
name,92,99.28999999999999,734.08,177.9860326213885,18,180.0,622.0807867057214,258.5653188267909,2.4236280914667137,57.622971756593884,28.577694635718323,1.2564608905521604,3.596446854477947,0.0,1.0,DBC_2017 16 05 slice 1 cell 6 rotated.swc,6,104,12344.544015931882,DBC,366.55
name,172,89.25,599.9300000000001,179.8897936866373,24,179.54767429577322,1011.3257034064343,283.9867613111569,5.30540911682263,77.09016217053748,28.256188301010205,1.401370165260489,3.619461722493044,0.0,1.0,BC_2017 17 04 slice 1 cell 2 rotated.swc,12,188,19434.42842671976,BC,625.05
name,119,73.2,541.93,160.8509877681801,17,178.79936601847552,704.3520857281511,292.7455772509638,3.8352008996635596,74.64917581088908,25.932000599654366,1.3433707008137254,0.1296417653802715,0.0,1.0,BC_2017 02 08 slice 3 cell 7 rotated.swc,6,127,14283.243462585944,BC,387.88
name,112,74.63,655.47,169.12667333423622,14,179.0515232241128,658.0737158776524,346.76933514946217,4.014203205094544,77.68117755075227,27.24998243126199,1.3465796369373908,0.24382146658190768,0.0,1.0,BC_2017 02 08 slice 3 cell 2 rotated.swc,6,124,14301.48101432099,BC,444.59000000000003
name,49,91.96,947.51,175.22049553187315,19,171.76072851436274,746.809265748412,223.5540321711957,2.2083555780294195,63.045138430585084,30.568107285284416,1.3316532287188934,2.9622492031344576,0.0,1.0,BPC_2017 03 07 slice 2 cell 7 rotated.swc,4,56,5580.055110404366,BPC,172.74
name,158,86.88,416.48,177.0716461331801,74,179.2926806314557,2459.8362531910498,136.6401847920296,4.781610446713318,89.73124118148081,31.14569406678426,1.4805292732575037,0.03207460742038646,0.0,1.0,NFC_2018 06 09 slice 2 cell 2 rotated.swc,8,179,17423.040945371897,NFC,292.3
name,154,98.98,662.8299999999999,172.06089206470782,16,180.0,697.9318693156106,208.9557871895392,2.0804449087661294,62.75604113103662,26.69169284546315,1.26610078530087,0.033472603043923126,0.0,1.0,BC_2016 19 10 slice 2 cell 2 rotated.swc,6,163,17790.403984348297,BC,578.03
name,24,78.45,513.75,177.40678764909953,8,161.06669991961815,497.76462429370207,163.2099108510265,2.112942617549474,85.91599484583703,25.660511679034755,1.2972856278661993,10.808662087178883,9.541664044390552e-15,1.0467568592587995,BPC_2016 30 09 slice 4 cell 8 rotated.swc,2,25,2565.4130595194997,BPC,173.45
name,142,91.39,214.27,169.8421804107008,13,180.0,445.50392775085766,166.57292847278634,4.647410033963009,68.4071874848691,31.803102670399678,1.3218967116763212,0.3928866374806887,0.0,1.0,SC_2017 25 04 slice 2 cell 2 rotated.swc,6,158,10914.3488057172,SC,410.28
name,64,93.67,277.09000000000003,156.90827918855726,16,169.96450652710064,485.321273740484,158.08494994780497,2.6159205556704674,68.89273105321038,29.339851059874242,1.3551199222265344,0.07402974157643892,0.0,1.0,SC_2017 03 07 slice 2 cell 3 rotated.swc,8,73,7765.828949154101,SC,310.70000000000005
name,93,82.27000000000001,548.64,158.79210289569707,11,175.9602428020484,499.2657054059264,241.5621578393437,2.7402732766220046,61.42403011711614,26.801951939303105,1.2866400442381176,6.7941631206644555,0.0,1.0,BC_2017 17 07 slice 3  cell 2 rotated.swc,4,100,11560.514221188323,BC,375.46
name,47,62.39,334.24,178.65900467339702,14,180.0,617.2667731257096,201.85334403967647,2.627278526043977,84.57395233269708,23.111334028147002,1.3307178505785897,0.06872554160199927,0.0,1.0,SC_2017 09 10 slice 2 cell 2 rotated.swc,12,64,7690.710750646785,SC,348.91999999999996
name,36,103.02,779.37,171.92996073660126,11,176.22486593749593,614.0121420765397,314.09600459095304,2.280034439101564,65.3107427892249,28.869190329714094,1.3335704396327521,0.5753415132098186,0.0,1.0,BPC_2017 06 08 slice 3 cell 7 rotated.swc,8,43,6401.995799316962,BPC,261.86
name,69,53.400000000000006,728.9,175.75715693081102,18,178.12161768999064,732.6094002248401,304.6810294389856,4.688312793030247,87.37407933723678,24.456839086390143,1.4717862523414251,0.0324752349970243,0.0,1.0,SOM L4 S1_2017 15 12 slice 3 cell 3 rotated.swc,7,83,9688.381684226866,SOM L4 S1,273.8
name,200,101.82,587.92,173.43550346262202,27,176.1859251657095,943.7021336418017,373.3136296734958,3.3119391504398528,70.70359272538765,27.31660568437481,1.2911932522727516,1.0028581877460874,0.0,1.0,BC_2016 19 10 slice 2 cell 4 rotated.swc,8,211,19280.33524789102,BC,672.75
name,124,108.64,695.44,178.1980808247101,13,176.2661389864765,840.3114932770982,251.47013719326594,3.645073181981295,69.21749928031633,29.874703749855083,1.4099084419896917,8.792298857879622,0.0,1.0,BC_2017 17 03 slice 1 cell 2 rotated.swc,4,137,16159.713471247422,BC,415.13
name,130,115.02000000000001,210.47,173.81926649071076,15,178.84318880244467,495.4343196338962,117.18419731346033,5.812553282662053,69.66272444741969,31.462853639896203,1.4381919580755438,0.037915747150537936,0.0,1.0,HEC_2017 23 10 slice 3 cell 6 rotated.swc,6,150,10165.333833666962,HEC,351.28
name,44,76.02000000000001,867.0699999999999,170.71849222224375,18,175.2868662952824,829.0075274053199,313.35601382453154,2.5744723797273825,54.535800536200945,29.46355006714668,1.4007653948351715,2.5704501951674983,0.0,1.0,BPC_2017 09 02 slice 2 cell 2 rotated.swc,4,52,5686.15223291115,BPC,214.48000000000002
name,193,106.61,774.31,172.73522273636698,60,179.9604081892881,3535.643718486217,413.74075179996476,11.045906429684822,87.42573495909218,30.742980318081468,1.779684750489321,0.014292067225814198,0.0,1.0,SOM L4 S1_j161128s2c4 rotated.swc,16,213,37484.5345065592,SOM L4 S1,506.6
name,142,114.16,621.48,177.12521943276468,27,180.0,1213.445579359635,278.424999775523,4.556771508733396,83.40695351524371,34.93423956167636,1.5848513208328396,3.3635653983202705,0.0,1.0,BC_2017 31 01  slice 1 cell 7 rotated.swc,6,151,16725.14501594272,BC,670.69
name,24,81.02000000000001,713.3199999999999,174.37866900368158,8,172.63574992058744,530.2476824968115,377.2248939293376,1.8633583937321996,62.99786875100663,28.431848043791017,1.2740440491069305,3.637166427942829,0.0,1.0,BPC_2017 17 03 slice 2 cell 2 rotated.swc,6,30,3707.810388593839,BPC,175.20999999999998
name,248,129.31,566.42,171.6520983093304,19,178.17204715242886,817.2174552876395,194.8629954609135,10.092606512858094,69.135889550346,32.120628046977934,1.41568756616203,0.08592516665699303,0.0,1.0,BC_2016 19 10 slice 1 cell 2 rotated.swc,12,270,27063.094006252613,BC,552.24
name,115,144.17000000000002,642.22,175.5514309513257,16,180.0,894.3052892071422,186.49666645814344,3.0112968388050114,74.03181932213052,31.31914667247679,1.414277049032889,0.027899018988961174,0.0,1.0,BC_2017 18 07 slice 1 cell 7 rotated.swc,12,132,15692.070767587044,BC,530.42
name,93,76.87,320.02,173.43383173869506,20,180.0,579.2242060791887,176.77496598783438,2.8915465047704543,82.99695903878677,27.051281437667168,1.3855930680612305,0.05195241959933158,0.0,1.0,SC_2017 04 03 slice 3 cell 2 rotated.swc,12,108,9714.256437211603,SC,243.57
name,128,74.24,530.71,172.74943282816454,21,179.3598503304774,799.5948343526819,211.80774915002522,3.6727705299821296,76.97509012362674,28.308656317391975,1.2888314963579617,0.17471369590407754,0.0,1.0,BC_2017 18 10 slice 1 cell 2 rotated.swc,12,143,14606.060707026318,BC,468.63
name,198,89.44,880.8299999999999,168.2241959441367,20,180.0,927.1219549533707,331.83753464609754,10.616444256845881,69.29090563193851,25.02820593820148,1.4359011648733462,0.05567807611238396,0.0,1.0,SOM L4 S1_07 16 2018 slice 1 cell 2  rotate.swc,6,216,26744.946878541377,SOM L4 S1,638.5
name,75,101.3,615.44,173.6012771688086,14,170.73956757709084,862.4076869569996,298.60852013966377,2.949980164337443,74.50745216284881,24.3658721608043,1.378725602574613,10.444708010468037,0.0,1.0,MC_2017  31 07 slice 2 cell 7 rotated.swc,6,83,11556.294028584076,MC,547.11
name,115,87.26,295.88,164.35441149751384,17,172.57863552486253,423.5382297810959,185.09614852827164,3.2556471477621827,69.48846618995252,29.709615354385594,1.3132877781028092,1.8348770228926552,0.0,1.0,SC_2017 27 06 slice 1 cell 2 rotated.swc,6,125,10850.91621030088,SC,299.74
name,193,178.64,853.4300000000001,178.44813164171003,23,180.0,982.2164578558584,305.2123406744885,3.5009402863726433,70.08659403855032,28.858126869631626,1.3333419719442707,0.06961426000648845,0.0,1.0,BC_2016 20 10 slice 4 cell 2 rotated.swc,10,204,25785.181076399873,BC,716.69
name,29,77.61,830.53,176.19317528639147,10,173.8017490146012,698.6531890087207,358.38714332408745,2.060664464154963,64.04140912483071,26.279066356723526,1.271643989791032,2.1390504173668563,0.0,1.0,BPC_2017 17 03 slice 1 cell 7 rotated.swc,8,37,6083.815132527834,BPC,141.81
name,186,131.37,781.97,179.4639330541209,18,179.01860516986355,806.379465904564,356.9673422037372,4.225226626690737,58.84161027363227,30.142565335524598,1.4323176515377567,0.01553974082763273,0.0,1.0,DBC_2016 19 05 slice 2 cell 5 rotated.swc,8,207,25169.255659759066,DBC,485.38
name,214,103.87,515.27,177.73466117753773,21,180.0,807.1307372268519,269.78283043959635,4.574606587095947,80.96659307986239,35.62501633973781,1.604993335374081,0.16796728915750112,0.0,1.0,BC_2017 23 01 slice 5 cell 2 rotated.swc,14,231,20806.460707945167,BC,392.5
name,183,81.99000000000001,456.23,175.31781441058564,46,178.82184670507178,1630.863406638484,186.35455481420357,5.905770592643126,85.4178278502887,29.84656957547529,1.60726068677121,3.312684624316144,0.0,1.0,NFC_2017 25 09 slice 3 cell 2 rotated.swc,8,196,22381.251958872614,NFC,369.39
name,58,91.52,600.48,169.0393898265656,13,180.0,574.9970957529837,205.1555541534277,3.5060906477453226,75.4827594385898,29.18181334071832,1.3631695772929624,4.6112568820902915,0.0,1.0,MC_2017 11 09 slice 1 cell 2 rotated.swc,6,67,8524.055283230737,MC,352.81
name,72,97.03,573.86,172.34130855340103,13,177.48306596738536,747.9030426075665,295.5935535494643,3.0961340214871664,67.3761552488378,27.787510540352052,1.258007793081448,0.08463840942812113,0.0,1.0,DBC_2017 04 07 slice 4 cell 6 rotated.swc,6,82,10770.426812553498,DBC,262.7
name,185,81.68,1025.81,178.1987347850939,23,177.56770012694372,964.1033183001942,270.6821556734023,6.0222205557687785,78.06431598425364,26.031806107514583,1.3611243326261653,0.1241589180940509,0.0,1.0,SOM L4 S1_2018 14 05 slice 1 cell 2 rotated.swc,10,213,22162.554830743487,SOM L4 S1,482.6
name,436,75.84,503.94,174.94282088092487,71,180.0,2606.455437354004,172.60458307936094,26.19172129094195,74.45491491572155,32.16679379879577,1.4961401046699527,0.957214737895547,0.0,1.0,NFC_2016 24 08 slice C cell 7 rotated.swc,6,467,38038.38367432727,NFC,423.69
name,105,120.36,679.95,173.01138922981391,12,173.29671869302715,709.5907853290978,384.00362954013855,2.7370909000585755,73.50837971042331,28.73610292155281,1.3055535107797214,0.018113581639835938,0.0,1.0,BC_2017 12 02 slice 3 cell 3 rotated.swc,14,121,14713.995263072953,BC,538.17
name,21,101.64,617.87,178.5549310955029,5,163.77873223059143,437.98472049433445,295.2467093804772,1.8239807768485963,67.42741367307829,27.887561818599302,1.2598099889215513,4.435480617235383,0.0,1.0,BPC_2017 11 03 slice 2 cell 2 rotated.swc,6,27,4468.288340730163,BPC,194.56
name,191,68.72,389.12,177.00847753908832,39,179.99999999999218,1116.7046702792766,268.800624441239,8.563602983580894,69.69537200205535,26.045738635531702,1.4507373168447926,0.296362292443898,0.0,1.0,HEC_2016 31 08 slice 1 cell 2 rotated.swc,6,216,26248.696301574768,HEC,577.03
name,179,85.83,339.35,174.9254700865985,18,179.74632015443694,641.4500986900595,141.0371319901252,2.8330004903617327,74.76028061421371,32.901463239629145,1.3685765817413655,0.029161584070541275,0.0,1.0,SC_2017 29 03 slice 4 cell 7 rotated.swc,6,192,14676.23717875271,SC,376.75
name,72,97.52000000000001,558.94,170.1008581877507,15,179.81677976725072,743.7940311402269,208.0473479763681,5.016869457583174,87.06594907880557,25.024964940958807,1.4466651997582483,0.060352300905987005,0.0,1.0,MC_2017 23 10 slice 1 cell 7 rotated.swc,14,92,13295.125311001908,MC,443.38
name,31,127.33,865.98,169.10680410403617,13,178.6794460773972,957.5046694112688,305.41497163695163,2.196958021391668,70.84358416365453,31.922318187049598,1.4362734591029422,16.53342973782248,0.0,1.0,BPC_2017 29 03 slice 1 cell 2 rotated.swc,6,36,5367.2114814963625,BPC,298.78
name,25,196.24,555.6,176.43737170427272,8,180.0,491.23807196372945,237.47837522604036,8.337949018040488,59.78950415927768,23.283275900428922,1.4547650517272122,4.690766827585108,0.0,1.0,BPC_2017 01 09 slice 2 cell 2 rotated.swc,4,30,4118.783224849997,BPC,156.38
name,92,96.71000000000001,449.51,175.67450028332598,15,177.74631284676482,471.3220156531712,226.27513981876135,3.053891514607492,74.2000880389205,27.471146622222786,1.2798614473325285,3.2532973547490482,0.0,1.0,SC_2016 08 11 slice 3 cell 7 rotated.swc,9,104,10184.837516331474,SC,378.74
name,44,77.6,156.07,172.77356845631004,10,180.0,399.80084551095996,170.3348449378459,3.6403420820448793,70.50397801111515,30.97724870193015,1.3681051106581847,0.10531237499554681,0.0,1.0,HEC_2017 18 07 slice 1 cell 3 rotated.swc,8,56,5080.956422574886,HEC,372.25
name,200,105.82,692.92,176.62147581587428,21,177.49929150433664,809.9341208077641,224.13163676732472,5.855474505095915,76.36384184833669,29.21846989792397,1.3680585135247265,0.05516710514892978,0.0,1.0,DBC_2016 19 10 slice 4 cell 7 rotated.swc,18,227,23934.62012851402,DBC,577.41
name,235,166.97,742.1700000000001,174.15222468469128,25,179.24572028421872,1154.783237969791,300.3695483899791,4.828724947191136,74.01542475044268,31.3814966130097,1.4574389934333303,0.01705317603972856,0.0,1.0,BC_2016 20 10 slice 4 cell 3 rotated.swc,16,255,30840.303029420105,BC,613.73
name,80,78.44,485.51,176.67531119996008,16,174.326405431873,583.1240346224811,217.29612559822598,2.369154106545572,68.85904743940272,32.62490978310383,1.372107917579058,0.0024322604427574213,0.0,1.0,DBC_2017 06 03 slice 2 cell  2 rotated.swc,10,96,10157.804382930102,DBC,285.63
name,83,62.36,693.75,165.0466872867088,14,174.21148989581883,960.210011645775,245.5664964933124,3.2442571691114352,71.43383509458269,25.337058871677794,1.378453076479355,0.04547999608467066,0.0,1.0,BC_2017 05 16 slice 1 cell 2 rotated.swc,8,95,13491.008959442603,BC,552.58
name,151,107.91,680.75,152.58618437941053,16,178.5649153024063,838.3935106763658,297.9066217793757,3.6485608412591297,67.14849858011442,25.151255259930416,1.3546096042011913,7.6969605415088385,0.0,1.0,DBC_2018 18 10 slice 2 cell 2 rotated.swc,9,165,19680.59139350116,DBC,448.1
name,27,96.68,693.3599999999999,169.76767825929625,7,176.6800444066601,512.9719860761026,187.3633939701136,2.120833530743988,66.86454408413225,30.549436920759156,1.3709905419092088,7.839219509809336,0.0,1.0,BPC_2017 24 02 slice 3 cell 2 rotated.swc,6,32,4254.529761778496,BPC,213.24
name,178,118.94,699.26,175.08833628860646,15,178.4858170575372,794.9820950175929,253.20160544514715,2.8483186332709027,73.10206460408583,28.977156617077227,1.3303844703960837,0.003951803358282406,0.0,1.0,BC_2017 06 08 slice 3 cell 2 rotated.swc,12,195,22837.425728490496,BC,450.85
name,94,65.2,219.92000000000002,169.53949316066246,13,176.8799426824458,538.5131362128573,148.41785775303455,4.35735512069791,61.38952554275545,28.302474116665962,1.315268042446257,2.779506387681133,0.0,1.0,HEC_2017 08 05 slice 4 cell 3 rotated.swc,4,99,9181.337081409627,HEC,576.87
name,114,175.32,452.03,172.20327069886207,18,179.56532125859562,955.5636613452937,192.94836018997415,6.890098837353076,86.53076124685634,38.94638140969636,1.9952365314254554,4.274483049654054,0.0,1.0,NFC_2016 16 12 slice e cell 3 rotated.swc,12,131,14326.960022076322,NFC,296.26
name,171,105.25,641.49,176.91388164560345,26,175.94647221025267,743.2005846023479,218.0453459718872,3.0720890883012153,74.16484152278825,25.087202216522282,1.3234717828707117,0.04042293591371891,0.0,1.0,BC_2017 16 06 slice 2 cell 2 rotated.swc,10,186,21566.2643306779,BC,597.0899999999999
name,45,105.36,782.73,167.9823505238087,8,175.55550504139984,668.3535893675747,245.3970694609045,2.4491717347467983,68.61320697185533,27.505453765129584,1.3523764256055084,1.6298665821713942,0.0,1.0,BPC_2016 01 08 slice B cell 2 rotated.swc,8,52,7035.077329072838,BPC,254.96
name,242,114.94,546.78,177.37148963143707,18,179.48994218005137,777.520106282404,298.2746274827948,4.665641737011086,70.63494147019662,34.04988980407381,1.5578879507578465,1.2678586018115001,0.0,1.0,NFC_2017 15 03 slice 1 cell 2 rotated.swc,6,268,34633.82214751396,NFC,786.37
name,180,106.73,723.0600000000001,167.9586296237483,15,178.18527628259787,868.1125997275861,252.1370871173061,7.94473312881615,72.18355049351969,30.60343394461097,1.427989086123773,0.0606635149699016,0.0,1.0,BC_2017 14 09 salice 2 cell 7 rotated.swc,12,194,19953.03448478566,BC,673.74
name,162,92.69,783.6800000000001,174.06489381512196,20,177.42931542685469,1242.1247478625532,573.0460468409149,2.383430732225936,67.12028527717762,28.770544263254514,1.3011854262964193,3.918362019500123,0.0,1.0,BC_2017 12 02 slice 3 cell 2 rotated.swc,12,185,23108.815119283718,BC,589.4100000000001
name,95,74.93,662.24,175.1077636850986,21,176.66755457277017,841.4300485334694,305.63255896582746,2.933267444495436,72.95922709165265,23.152153492937686,1.2237138005382098,0.01012490653043187,0.0,1.0,MC_2017 01 08 slice 4 cell 2 rotated.swc,8,103,14338.199544680332,MC,446.65999999999997
name,82,76.49000000000001,792.6800000000001,175.4489873398898,33,174.93799402371562,1362.2745748966897,271.2886258212828,3.787481007359929,80.88122365137366,26.74130337333356,1.414242006872703,0.3441500058827923,0.0,1.0,SOM L4 S1_2017 15 02 slice 3 cell 2 rotated.swc,8,90,13515.562429676791,SOM L4 S1,319.35
name,312,133.55,742.87,177.8234115048374,55,180.0,1667.9068661833173,229.01204029482818,4.672017944561187,86.65325367895026,36.263230865052044,1.6035028890445333,2.0094405943147775,0.0,1.0,DBC_2017 13 02 slice 2 cell 3 rotated.swc,16,330,31145.12917586663,DBC,406.43
name,119,96.82,518.77,179.02990175347009,28,179.47472866829503,1886.4761685043848,237.3775360054106,5.856334311108636,77.73334357045572,27.28627958144026,1.507501620269949,0.020330683671655646,0.0,1.0,DBC_2017 12 09 slice 3 cell 3 rotated.swc,10,133,21067.302856014874,DBC,518.45
name,113,60.89,304.37,169.75953305610102,29,180.0,1274.2698690040695,151.92357486578572,5.520930480843714,82.94080164497302,28.65745506966665,1.6435902930071984,0.07568134087902267,0.0,1.0,NFC_2017 07 09 slice 3 cell 2 rotated.swc,8,131,14047.341594432284,NFC,276.58000000000004
name,221,133.32,993.8599999999999,172.38395506287415,21,179.9949898880555,1675.0792474732625,297.38463073938436,6.528923922459972,80.0613145503792,31.62284226104026,1.7845404115915589,2.6221184321641626,0.0,1.0,SOM L4 S1_j161128s2c3 rotated.swc,12,238,42908.81588050777,SOM L4 S1,567.21
name,141,84.27,737.94,176.77442401807176,19,179.9999999999991,901.0591472036307,299.9549534513474,2.3755593405707973,71.42210559657825,22.917555971033924,1.218672131733559,3.343686332264688,0.0,1.0,MC_2017 01 08 slice 4 cell 7 rotated.swc,12,157,20012.17443120255,MC,571.7
name,227,122.80999999999999,689.67,170.1636848222195,22,179.95857305276104,1046.7137734251191,242.71736258455022,12.31161670758288,72.08692982459173,29.660027797938657,1.6263220657097135,3.7617387877408417,0.0,1.0,BC_2016 31 08 slice 3 cell 2 roteted.swc,8,236,29797.93780829188,BC,732.96
name,162,116.50999999999999,646.97,171.12357320388426,16,178.1742737669475,704.3595848657095,244.1566343558987,4.082027852941287,65.74168809855166,26.107073617753407,1.3584035060043171,0.03769255929563811,0.0,1.0,DBC_2017 23 10 slice 2 cell 7 rotated.swc,6,181,25173.393066366843,DBC,489.53
name,107,76.22,177.76999999999998,154.71661115630783,22,174.3252554780195,414.2138953249127,118.1725374188098,3.1586311465589505,71.67062230262647,31.293519922559152,1.36627085075614,0.9834272736410629,0.0,1.0,HEC_2017 18 09 slice 1 cell6 rotated.swc,6,115,8580.279854301123,HEC,434.78999999999996
name,104,112.04,507.69,177.4305683853511,16,174.6285692065476,896.6799322986757,343.5429114390224,3.198978100594098,77.21758193270531,24.772010969506926,1.3805436977702008,0.29040510951833504,0.0,1.0,BC_2016 01 06 slice D cell 7 rotated.swc,10,115,15559.282306337962,BC,471.12
name,236,92.46,681.56,176.70389102658393,34,180.0,1292.816206560342,254.3790415895146,5.612626669000518,79.24160753063211,35.32011882518929,1.6097118446391427,0.8337747712921397,0.0,1.0,BC_2017 09 02 slice 3 cell 2 roteted.swc,6,252,23224.51437507185,BC,477.2
name,105,75.15,346.65,175.90489110355605,14,174.4849773692087,443.58462988748363,150.83378964940184,2.3362326648997596,77.1568299602774,28.83604144216847,1.2905422692684736,6.230263835889841,0.0,1.0,SC_2017 29 06 slice 3 cell 2 rotated.swc,10,124,10896.38524040771,SC,350.13
name,100,77.85,473.22,171.16503030866437,14,180.0,604.6141897112973,216.72946823171048,2.2163876013873556,70.56314294907202,29.036345117874145,1.3100745947356185,0.08847225386129735,0.0,1.0,MC_2017 12 07 slice 1 cell 7 rotated.swc,8,118,12755.31227346641,MC,319.02
name,130,96.92999999999999,619.59,168.48893527061443,20,176.76971593854591,728.6278250881332,271.5577717540045,3.2288006715029374,70.03550120025841,26.977665607103194,1.3166445437882832,0.036841325521986615,0.0,1.0,BC_2017 18 10 slice 1 cell 6 rotated.swc,12,142,20339.43155713624,BC,566.36
name,127,128.27,556.03,170.31312397401743,32,180.0,1269.819106141758,383.1472497617593,3.8233081715068615,72.92753863215246,29.946402863101394,1.3759288466295663,2.013711469731327,0.0,1.0,MC_2017 19 09 slice 3 cell 2 rotated.swc,10,140,17676.699394582516,MC,888.46
name,224,109.72,409.65,177.50816225978718,24,178.66926683210121,655.8474477432613,244.1363786902722,3.8357709428984577,76.51897123544029,31.20649034423605,1.3691716745500646,0.19339188456309436,0.0,1.0,NFC_2017 29 03 slice 2 cell 2 rotated.swc,12,257,22117.131257939956,NFC,506.90999999999997
name,300,60.98,398.59000000000003,178.7509135564608,41,180.0,1279.433418252904,165.91839078293884,5.588973727265891,75.85663329215765,30.942338821508613,1.3898164770182333,0.053075426654143526,0.0,1.0,NFC_2017 28 04 slice 2 cell 2 rotated.swc,10,350,29003.19883934878,NFC,316.21000000000004
