name sample,ADP (mV),AHP (mV),AI,AP amplitude (mV),AP threshold (mV),AP width (ms),Max number of spikes,Input R (MOhm),Vm (mV),Latency (ms),Rheobase (pA),Sag ratio,Tau (ms),Cell type
04 28 2017 slice 1 cell 3,0.0,-14.94690403342247,128.5535117056857,70.48335298895836,-40.932677686214454,0.5599999999999911,61,201.11396576464185,-77.82736810058357,17.80000000000001,100.0,1.059837893612362,7.817706904582432,SC
09 12 2017 slice 1 cell 7,0.0,-20.77396959066391,110.23421235253288,64.46476094424725,-43.114520609378815,0.4799999999999943,126,139.6371870040894,-74.94083481371402,17.160000000000007,146.40776699029126,1.076860723565967,6.73580010668582,SC
03 17 2017 slice 3 cell 3,0.0,-16.901932656764984,136.4873949579831,58.17750096321106,-38.288895040750496,0.5199999999999927,71,257.24355150759226,-75.67403984278441,16.120000000000008,103.2967032967033,1.083266070453348,12.714474031513452,SC
06 27 2017 slice 1 cell 2,0.0,-19.838258624076843,119.30259006530208,62.99516744911671,-37.585366517305374,0.4800000000000082,67,182.28213003277776,-67.97400209188461,12.880000000000004,135.8974358974359,1.0817936581587684,7.615735464702105,SC
04 17 2017 slice 1 cell 2,0.0,-20.50754055380821,102.68176484725113,67.47992895543575,-37.06376627087593,0.5199999999999927,95,202.38482004404068,-68.8850598603487,14.760000000000007,100.0,1.0595525260050482,8.9435432331065,SC
06 16 2017 slice 1 cell 3,0.0,-22.311098873615265,102.67546660989292,70.98271325230598,-48.952922224998474,0.5599999999999772,103,269.7313144505024,-74.46510272085669,60.80000000000002,20.0,1.0937561523602002,7.827419027691785,SC
10 09 2017 slice 2 cell 2,0.0,-19.962236285209656,147.32613701072012,65.99368155002594,-31.938228756189343,0.5600000000000049,55,135.33910632133484,-64.89345121264458,74.92000000000002,192.25,1.0686104528582276,7.311120492275532,SC
01 19 2017 slice 1 cell 2,0.0,-20.99720388650894,104.09909909909906,69.97376307845116,-37.544604390859604,0.5200000000000066,61,200.71331678330898,-66.73809511139989,11.080000000000007,130.0,1.1024810779985523,9.397458024865786,SC
01 23 2017 slice 3 cell 2,0.0,-15.318766236305235,110.03086419753085,69.11110691726208,-41.058536618947976,0.5599999999999911,62,175.6629099249839,-61.656903460025795,14.40000000000001,90.0,1.0773174692294063,10.209698341234684,SC
06 28 2017 slice 3 cell 2,0.0,-15.769042074680328,115.91975732600734,62.349339947104454,-37.49093040823937,0.4800000000000082,135,120.00932973623276,-67.04044105887414,22.12,147.96116504854368,1.1013887985736437,6.822376920378747,SC
06 28 2017 slice 3 cell 6,0.0,-14.714743942022324,113.31340228399051,67.58593954145907,-39.31970521807671,0.4800000000000082,79,163.81928461790076,-68.36793078422548,13.999999999999998,160.0,1.0429935543342523,7.272510021879049,SC
03 29 2017 slice 4 cell 2,0.0,-14.00526612997055,106.09827323514456,75.42214542627335,-43.280046433210366,0.68,63,208.30894923210133,-64.3074025309086,22.00000000000001,40.0,1.0610265298403234,11.474463285908008,SC
03 28 2017 slice 6 cell 2,0.0,-23.939169943332672,104.84779925956377,59.7826074808836,-36.162164062261574,0.5199999999999927,87,178.19112785160544,-72.44010016530751,144.16,80.0,1.0588638908440804,6.572405607331642,SC
08 31 2017 slice 1 cell 2,0.0,-14.81141522526741,119.22872340425523,56.37498386204243,-40.504887700080864,0.5600000000000049,81,187.0639917254449,-72.51967525184155,17.68,106.94736842105264,1.0939369432321484,8.17441840370479,SC
02 10 2017 slice 4 cell 3,0.0,-21.240670233964924,111.28567839681534,71.46500796079636,-39.16430100798607,0.6400000000000017,65,151.19890648126596,-75.10689304530621,23.64000000000001,150.0,1.027045291616571,8.09893167893352,SC
03 06 2017 slice 6 cell 2,0.0,-18.047843128442768,107.74808868329514,68.9034927636385,-40.49466922879218,0.5200000000000066,77,245.22515438497064,-66.04730843394994,15.28,60.0,1.0969290305438455,11.585809858284394,SC
09 18 2018 slice 5 cell 2,0.0,-12.611739337444305,131.09107037256052,75.06360486149788,-39.24772515892983,0.6400000000000017,63,91.6459824293852,-68.07671859949826,37.72000000000001,200.0,1.1678840006027733,7.649243942437903,NMC
07 27 2018 slice 3 cell 2,0.0,-15.816885977983475,117.68303216667236,78.26447114348413,-39.393700659275055,0.6000000000000172,57,163.2967685461044,-66.21794014513493,33.32000000000001,114.50980392156859,1.1666884229769496,12.038455183775447,NMC
09 17 2018 slice 9 cell 2,0.0,-9.545546025037766,81.58268146261598,74.53527860343456,-47.70847782492638,0.6800000000000139,54,228.99851951003086,-56.31086028188466,76.08000000000001,49.37499999999999,1.15223249327446,11.831248382875645,NMC
07 27 2018 slice 3 cell 6,0.0,-9.964711964130403,118.09101183353272,86.31372824311256,-50.202783197164536,0.7199999999999984,45,204.93256746232524,-66.75912441045045,52.24000000000001,22.666666666666675,1.0972282121444543,13.042096146893305,NMC
09 17 2018 slice 10 cell 7,0.0,-17.571412026882168,122.36580348242872,64.0466995537281,-32.643046230077736,0.5599999999999772,51,128.37860746681685,-63.26485139636695,142.72000000000003,126.42857142857142,1.1190857324020789,9.060858807221429,NMC
09 18 2018 slice 4 cell 2,0.0,-10.435849428176882,134.27615862398466,66.12409092485905,-46.858150511980064,0.68,78,104.44507242739208,-74.83149082034825,19.76,169.0909090909091,1.2735575765549918,7.720076462600974,NMC
05 07 2018 slice 2 cell 2,0.0,-9.535633027553557,120.06172839506159,79.68926057219504,-41.304364800453186,0.6400000000000017,54,317.31115962564945,-43.17927850037814,41.920000000000016,45.0,1.0926856939347744,13.924610576727734,NMC
09 13 2018 slice 2 cell 2,0.0,-17.591308802366257,117.38934056007223,65.66240079700947,-37.76099532842636,0.4799999999999943,91,129.66406606137755,-60.78831932857634,9.400000000000006,168.85714285714286,1.0682493240242197,6.1314088704215015,NMC
09 18 2018 slice 4 cell 7,0.0,-11.111244559288023,126.69114374721849,72.5652016699314,-45.93844711780548,0.6800000000000139,47,115.76087008416664,-77.39104143828153,37.760000000000026,198.46153846153842,1.1554069450705975,9.54841561438625,NMC
07 27 2018 slice 2 cell 2,0.0,-16.031920909881592,155.47847579189977,68.05657222867012,-34.500442445278175,0.6399999999999739,44,110.26990399509673,-57.26252582296729,160.68,130.34482758620692,1.071698858501575,6.428877340582044,NMC
09 17 2018 slice 9 cell 7,0.0,-11.968489736318588,131.92263202384683,70.6231463700533,-52.33908072113991,0.6399999999999739,60,184.27241839468476,-70.79135710678995,31.84000000000001,30.727659574468078,1.2190708911661523,11.446798961467135,NMC
12 15 2017 slice 3 cell 7,0.0,-7.237572222948074,116.51305683563731,70.01833617687225,-45.287851244211204,0.7600000000000107,53,151.17265950143346,-65.27405074596405,108.48000000000002,80.0,1.1671505335506855,9.785296985424985,NMC
09 18 2018 slice 3 cell 2,0.0,-11.56054064631462,113.917289100139,78.35458964109421,-41.136384010314934,0.7199999999999984,48,139.81832686066625,-64.70021021723747,35.68000000000001,170.9090909090909,1.0634665271716828,9.189994613265016,NMC
09 18 2018 slice 3 cell 7,0.0,-11.47029921412468,149.86555762175203,75.09992085397243,-45.83407938480377,0.6400000000000017,71,126.3553456366062,-64.4642357480526,43.00000000000001,56.57142857142857,1.3147354548665409,12.988083217842656,NMC
09 17 2018 slice 10 cell 2,5.138717591762543,-12.782417237758635,130.22827687776146,78.28292250633241,-41.77306219935417,0.7200000000000262,51,190.1856706887484,-69.44086382538082,52.88000000000001,95.23809523809523,1.067297297350149,9.223505305636133,NMC
09 17 2018 slice 10 cell 3,2.9434710741043086,-15.751831233501436,101.73468025030523,68.64932924509047,-37.705779075622566,0.6800000000000139,34,184.45099700987348,-74.10467975169418,132.68,95.0,1.0678126491632904,11.945906977111635,NMC
12 15 2017 slice 2 cell 2,0.0,-10.22682711482048,115.3386062169223,88.06271478533745,-56.17111548781395,0.6800000000000139,42,264.7317544072866,-61.41221240743994,47.48,15.0,1.0466605956149633,14.106033216374454,NMC
09 18 2018 slice 1 cell 2,0.0,-9.21652838587761,134.1000967943973,73.36680963635446,-38.52666169404984,0.7999999999999952,39,154.98181416094297,-56.139449311494815,86.56,34.736842105263165,1.3719735428648527,11.262943554468812,NMC
07 27 2018 slice 5 cell 2,0.0,-15.126824378967285,136.13002285278995,71.5204179286957,-50.78870803117752,0.5999999999999894,58,244.95537798106682,-65.28427356749772,25.480000000000004,20.0,1.1613249945509874,13.170749274596204,NMC
07 17 2017 slice 3 cell 2,5.5111609399318695,-8.322127163410189,159.99999999999997,83.63380655646323,-41.6811965405941,0.7199999999999984,19,336.4537914991376,-68.93952033340932,26.960000000000008,20.0,1.0812146588477611,19.5520743334462,BPC
07 19 2017 slice 1 cell 3,0.0,-16.125168651342392,164.8860398860399,74.53472912311555,-41.81244969367982,0.5600000000000049,27,356.3207323849199,-70.86804725825787,34.16,27.166666666666657,1.1202048409167922,12.726491100438805,BPC
03 17 2017 slice 1 cell 7,0.0,-9.474754333496094,139.80978937409728,86.66911721229553,-30.59001266956329,0.7199999999999984,14,160.66533739864823,-60.101099614053965,31.04000000000001,110.0,1.1404393549691785,11.779529363614893,BPC
10 19 2016 slice 3 cell 7,0.0,-6.178446114063263,177.56701631701634,83.11397209763527,-41.51205718517304,0.7199999999999984,24,317.48552507162094,-69.67093878865242,15.28,36.0,1.0324463058921205,8.440502418426602,BPC
03 06 2017 slice 5 cell 2,5.4382383823394775,-11.053983122110367,168.54242286751355,84.69367772340775,-36.26878187060356,0.9599999999999886,23,304.41990160942083,-79.13670042037963,90.16000000000004,20.0,1.038830516506106,13.709259057529065,BPC
06 22 2017 slice 3 cell 7,0.0,-15.764191746711733,129.03979062307107,71.95087149739265,-39.61742669343949,0.7199999999999984,22,290.04578515887266,-73.55689591795206,95.56,5.0,1.028036903598255,8.14280685863921,BPC
01 30 2017 slice 4 cell 7,0.0,-14.288317412137985,123.3574160645987,90.10647609829904,-40.87314754724503,0.7999999999999952,16,382.17636263370514,-56.288688887953775,49.32,20.0,1.2753592197467791,19.32959019242069,BPC
07 17 2017 slice 3 cell 7,0.0,-5.152408033609389,123.05254378648864,83.68332311511041,-45.1725423336029,0.8799999999999919,29,286.1609266549349,-72.25941976070405,39.31999999999999,18.0,1.0112956567186346,7.2833339498519365,BPC
07 17 2017 slice 4 cell 2,5.961179733276367,-15.760954469442368,191.60991160701354,83.8884636759758,-43.80788281559944,0.6400000000000017,16,407.4922988712788,-71.89263139426706,42.920000000000016,10.0,1.1147717519463114,12.959173818248706,BPC
06 07 2017 slice 1 cell 7,0.0,-6.639223545789719,221.14450823870925,95.08539736270905,-47.399383038282394,1.0799999999999976,17,305.6983284503221,-79.24377530559899,27.60000000000001,30.0,1.0419530814832343,7.752380561399577,BPC
04 05 2017 slice 1 cell 2,0.0,-18.655337393283844,138.1197513360235,84.59474518895148,-34.279052168130875,0.7999999999999952,19,319.19177834689606,-81.72399976670744,29.079999999999995,20.0,1.025910816395271,9.418692543878565,BPC
03 11 2017 slice 3 cell 7,0.0,-9.069893509149553,126.85447454844008,83.03932100534439,-42.005855590105064,1.0400000000000131,12,273.14803554117685,-75.54880906373262,43.24,20.0,1.0284308138288492,15.272357148419946,BPC
04 05 2017 slice 1 cell 7,0.0,-14.483928680419922,143.17194289261332,86.9833193719387,-48.948682844638824,0.7199999999999984,35,291.73563207685953,-63.12615000680089,35.36,22.676056338028175,1.0982718966097242,12.729557706720811,BPC
07 03 2017 slice 2 cell 7,0.0,-9.94712859392166,290.6622006532611,78.79059389233589,-41.02426767349243,0.6400000000000017,10,258.37220609188086,-69.26795950710772,17.640000000000004,68.00000000000001,1.094726528383837,9.782307499269796,BPC
07 17 2017 slice 5 cell 2,0.0,-18.12185347080231,116.78544636159049,75.27720928192139,-43.98585855960846,0.5600000000000049,48,437.5122480839492,-68.73928315222264,66.28,18.0,1.1419163979265192,19.79220496764346,BPC
03 15 2017 slice 2 cell 3,0.0,-19.742637872695926,119.82117916999195,80.11740818619728,-37.36237436532974,0.8400000000000074,15,222.6221419870853,-73.9059895080328,33.72,69.62962962962963,1.06776258817913,9.298310389162973,BPC
03 17 2017 slice 4 cell 3,0.0,-12.341752648353575,140.04197867029734,80.61064407229424,-43.057799339294434,0.7999999999999952,25,393.4156975597144,-66.46181458890439,108.36,10.0,1.065294311114939,15.526549898508673,BPC
03 11 2017 slice 1 cell 7,0.0,-13.50211352109909,117.85129096325731,78.92418652772903,-48.48242551088333,1.16000000000005,13,283.93452075123787,-85.5085220634937,180.16000000000003,20.0,1.0407033173350997,10.575672381528266,BPC
08 06 2017 slice 1 cell 2,4.864096641540527,-6.5331533551216125,195.08708511337485,69.94336843490599,-41.063066571950905,1.2399999999999909,11,262.12274417281145,-75.05154946923255,57.08000000000002,40.0,0.9247605672830967,11.916299472911202,BPC
08 06 2017 slice 3 cell 7,0.0,-7.974307984113692,160.36767286767298,81.41275867819786,-47.645121812820435,0.6799999999999862,3,217.3583673238754,-66.62914426743983,26.40000000000001,20.0,1.082881559426736,6.925814277279398,BPC
07 19 2017 slice 2 cell 2,0.0,-14.412306249141693,126.42806267806263,79.23178747296332,-36.986872553825386,0.6400000000000017,27,226.0154369026424,-78.27745651602746,40.16,38.0,1.04530003375648,7.733108845304818,BPC
02 24 2017 slice 3 cell 2,7.69469141960144,-9.781800210475922,142.16896060749866,81.36100694537163,-33.33812952041626,0.6799999999999862,20,338.17026624083513,-63.75939904153349,36.52,40.0,1.0771049026641932,6.524401834010511,BPC
03 29 2017 slice 1 cell 2,0.0,-7.510501891374588,178.56272343191398,90.90962633490562,-47.78872430324554,0.920000000000004,15,315.4659737795592,-77.02015067845583,29.32000000000001,20.0,1.0507513117871037,10.130437330359477,BPC
07 18 2017 slice 3 cell 6,0.0,-17.11038127541542,132.0463320463319,67.04467721283436,-38.8379544019699,0.8799999999999919,18,413.93450400233286,-80.88766046881676,418.48000000000013,9.263157894736851,1.0435099494656153,17.271177217937847,BPC
03 17 2017 slice 4 cell 2,0.0,-11.44631952047348,218.08401959762313,72.64143973588943,-33.49203988909721,1.0000000000000009,17,286.9787850677968,-70.83803762257098,193.68,44.00000000000002,1.4835481160298454,13.740523187844813,BPC
04 28 2017 slice 3 cell 3,5.064230412244797,-10.378405451774595,206.6761725314455,73.42195138335228,-39.781786501407616,0.8799999999999919,16,382.94845637679083,-80.61727136552335,57.63999999999999,20.0,1.0242758466509252,12.527556499602392,BPC
02 10 2017 slice 4 cell 2,6.009332835674286,-14.09219577908516,149.00141392718268,84.57304537296295,-42.076554149389274,0.8799999999999919,25,442.78033041954046,-75.0143410474062,52.72000000000002,20.0,1.0711926142663235,9.988048356100624,BPC
07 05 2017 slice 1 cell 3,7.549438625574112,-5.761142820119858,262.5465178096759,92.87713095545769,-51.575630903244026,0.7599999999999829,11,393.7734454274176,-77.79834214389325,23.8,32.0,1.0586280653182132,12.139951557831088,BPC
05 08 2017 slice 2 cell 3,0.0,-10.16540825366974,148.43141963450086,84.35067161917685,-44.90212351083756,0.9600000000000024,8,291.836709573865,-74.38117140740157,17.640000000000004,20.0,1.0387999528845533,11.103689808226486,BPC
03 17 2017 slice 3 cell 2,0.0,-11.44307479262352,159.87678855325925,84.03567969799042,-46.53448611497879,0.6799999999999862,25,259.5194514691831,-77.50533892691135,31.76000000000001,20.0,1.0330555467186755,5.348003995607733,BPC
03 29 2017 slice 3 cell 7,4.057295620441437,-10.972585529088974,161.19383490073153,85.66981181502342,-48.75096306204796,0.7199999999999984,37,334.2955034524203,-76.04537636026737,48.56000000000002,10.00000000000002,1.0693862759990251,7.203812827406759,BPC
07 03 2017 slice 3 cell 2,0.0,-12.094948440790176,137.5407640344746,71.84447906911373,-45.966602861881256,0.5600000000000049,30,360.99893204867834,-73.58335884034635,38.88,18.0,1.0654628437858458,8.615311406539508,BPC
03 11 2017 slice 3 cell 2,0.0,-9.806100279092787,131.8146272105218,80.84465190768242,-34.26313027739525,1.0400000000000131,20,346.8724140077828,-69.88374993234874,34.52,20.0,1.0232667084763678,11.387597354586756,BPC
04 28 2017 slice 5 cell 2,8.605517446994781,-7.864415645599365,219.5285760413305,93.31553801894188,-43.158743530511856,0.8399999999999935,35,347.2635190486908,-72.01739747166633,18.84000000000001,7.0,1.0451941157425644,10.699436969238807,BPC
07 17 2017 slice 1 cell 7,5.3813792765140525,-4.787217825651169,393.37505179089334,89.27644044160843,-45.14176771044731,0.9600000000000024,6,258.4503163695335,-77.10399270534515,22.960000000000008,40.0,1.0312419381380509,11.347368338861921,BPC
07 17 2017 slice 1 cell 2,0.0,-6.46108016371727,190.6524846752113,90.23065865039824,-41.355345398187644,0.8799999999999919,16,254.47696721553814,-77.25474007308483,41.16,40.0,1.0229006400732472,7.887257221899088,BPC
11 29 2016 slice 4 cell 3,0.0,-23.386813700199127,115.4063883617963,66.03234261274339,-34.88430380821228,0.5199999999999927,98,203.90059643983838,-63.92345180809498,90.32,60.0,1.0238488048927554,7.7995675336785535,DBC
12 05 2016 slice 1 cell 2,0.0,-17.91265606880188,112.16671864036785,74.45154711604118,-41.28189012408257,0.7199999999999984,58,192.1041358113289,-73.25217131376266,29.880000000000013,100.0,1.0626202217305414,9.700091422524963,DBC
02 12 2017 slice 5 cell 7,0.0,-20.82608640193939,106.5810205661211,65.39821065962315,-41.595999151468284,0.4799999999999943,92,123.78808595240123,-63.84769646018743,16.600000000000005,109.20000000000002,1.077325121148578,6.3021697758159725,DBC
02 12 2017 slice 2 cell 7,0.0,-15.341445803642273,126.89703876875143,63.777437433600426,-41.094839572906494,0.4799999999999943,77,138.1653878390789,-72.25713749825954,13.480000000000004,200.0,1.0585192192435149,8.972486756591556,DBC
03 28 2017 slice 5 cell 2,0.0,-18.805462867021557,115.81955362790279,66.34250283241272,-46.95912823081017,0.4799999999999805,83,139.68624962866312,-74.62534954577684,46.920000000000016,80.0,1.0625435338137397,5.995470638855682,DBC
10 18 2017 slice 2 cell 2,0.0,-18.609054386615753,74.14808117867824,59.377169236540794,-37.45009005069733,0.4799999999999805,99,121.06566900014884,-70.77216246545314,321.56000000000006,183.7241379310345,1.0989529587656348,9.045317580700454,DBC
08 22 2017 slice 5 cell 6,0.0,-18.3868408203125,118.35480309164522,61.67578883469105,-34.437388181686394,0.5199999999999927,103,128.87615691125396,-76.06474300831556,136.0,220.0,1.0392276980546384,5.637764751170371,DBC
07 19 2017 slice 1 cell 7,0.0,-18.45213398337364,119.3634550797648,63.987424597144134,-48.69017377495766,0.4400000000000098,128,119.96104407310486,-73.45402196586132,21.84,109.82608695652172,1.143203341157209,6.681185392928035,DBC
05 16 2017 slice 1 cell 6,0.0,-18.88978108763695,123.05017386984603,66.79627858102322,-46.46077379584312,0.4799999999999805,73,110.4065597057342,-69.06664327859879,27.160000000000014,120.0,1.1232744237333236,8.811324255765289,DBC
11 29 2016 slice 4 cell 7,0.0,-17.306605353951454,105.61342281879196,70.55613212287427,-30.604077503085136,0.5599999999999911,90,158.09846599400043,-60.26671855777503,19.84000000000001,120.0,1.0294127270434854,7.773218420715067,DBC
05 10 2017 slice 3 cell 2,0.0,-19.05135437846184,110.54442001810443,59.69106126576662,-46.75725474953651,0.4800000000000082,106,130.10515417158607,-79.80243541449309,12.28,216.11111111111114,1.0346367798822138,7.054084681957555,DBC
04 03 2017 slice 4 cell 2,0.0,-19.844945520162586,114.39949567169458,60.7434269040823,-37.577088922262185,0.4799999999999943,110,105.50503031909466,-73.35984535589814,16.240000000000006,228.81720430107524,1.0697113370782771,5.312518441420222,DBC
05 10 2017 slice 3 cell 6,0.0,-18.241897225379947,115.51816557474696,60.637615621089935,-37.97073289752007,0.4799999999999943,121,138.39764940738678,-70.46282059609891,9.800000000000002,220.0,1.03420000679762,6.248472978735251,DBC
01 12 2017 slice 1 cell 3,0.0,-17.974682152271267,110.31345129375951,67.13632307946682,-47.600314021110535,0.5200000000000066,75,226.42902524769292,-70.56777225762605,9.840000000000002,40.416666666666686,1.0568274482259277,10.184951600160595,DBC
09 12 2017 slice 3 cell 3,0.0,-19.42724362015724,117.34090909090895,59.76925417780876,-40.41983559727669,0.5199999999999927,67,150.18625219166282,-72.5702996736765,15.800000000000008,168.84536082474224,1.0580286184131242,7.381818544685596,DBC
11 29 2016 slice 3 cell 7,0.0,-19.245970994234085,114.8538557213932,65.88931009173393,-35.134755074977875,0.5200000000000066,83,132.1641672700645,-68.72780725747346,16.28,191.4893617021277,1.0538909341911735,7.462294261853223,DBC
07 17 2017 slice 4 cell 3,0.0,-20.10529860854149,108.77224049245312,62.91888281702995,-42.30104759335518,0.439999999999996,132,136.3081696629525,-75.5097038412094,18.16000000000001,157.95580110497238,1.0973639603426104,5.860239845442033,DBC
03 17 2017 slice 1 cell 2,0.0,-18.06091144680977,114.44950120148548,69.39025036990643,-38.706626743078225,0.5600000000000049,49,165.2217317521573,-64.620883923769,15.840000000000007,120.0,1.1554571792165151,12.008410429543831,DBC
02 13 2017 slice 2 cell 3,0.0,-16.647085547447205,111.21739130434776,70.00716030597687,-44.80284824967384,0.5200000000000066,84,158.61107239127162,-72.25449693411589,9.400000000000006,82.32558139534882,1.0267843616803487,7.138765595615809,DBC
08 24 2017 slice 1 cell 3,0.0,-7.828764617443085,114.61553982740423,81.45982585847378,-58.98749828338623,0.4799999999999805,80,117.65216174721729,-69.43973845601082,182.88,75.0,1.06098583182049,7.213012260576989,DBC
07 04 2017 slice 2 cell 6,0.0,-22.458367049694058,114.45833333333331,62.07015924155712,-38.20035606622696,0.4400000000000098,102,150.0266809314489,-73.1996134096384,19.12,152.0,1.030609860636016,6.692074526321229,DBC
07 03 2017 slice 1 cell 7,0.0,-19.19946819543839,110.68657836034508,50.83437077701092,-36.73836961388589,0.439999999999996,98,126.00393247604374,-70.8759620398283,13.359999999999998,211.53846153846152,1.0604007464317573,4.6958480670308065,HEC
07 18 2017 slice 1 cell 3,0.0,-14.183744788169859,121.2129794465124,64.88369964063168,-45.02355307340622,0.5199999999999927,55,217.6793409585954,-75.19669836640358,10.599999999999998,132.68595041322314,1.0755735394475785,7.892857699824507,HEC
01 31 2017 slice 3 cell 6,0.0,-21.909624338150024,122.79057700290585,71.28589414060116,-49.09102618694306,0.4799999999999943,110,186.4009730666875,-67.08568535521627,6.6000000000000085,104.96296296296295,1.0898628985619745,8.133591630992278,HEC
07 03 2017 slice 2 cell 3,0.0,-16.189571470022198,129.16243869440217,52.54525039345026,-45.04038020968437,0.439999999999996,124,171.37313540279874,-60.73253655046224,459.28,40.0,1.051356227350209,7.2707096266294124,SC
01 30 2017 slice 2 cell 2,0.0,-18.004346638917927,109.89916459992172,71.50639221072197,-39.33466225862503,0.5600000000000049,63,137.74924021959308,-67.66989536464214,16.68,166.4356435643564,1.0684879521595576,8.837452210865726,HEC
09 18 2017 slice 1 cell 6,0.0,-19.231852144002914,111.90693430656931,66.63073226809503,-47.1930168569088,0.5199999999999927,46,195.2933926582336,-78.2946981281042,14.080000000000007,134.0,1.1074473212674234,10.595482104339675,HEC
01 14 2017 slice 2 cell 5,0.0,-16.31959155201912,108.93497628138388,73.44543188810349,-45.659828931093216,0.5199999999999927,94,296.9104116857052,-66.23922800302505,12.160000000000005,20.0,1.1159288903546165,15.038300508326927,HEC
10 23 2017 slice 3 cell 6,0.0,-23.13242852687836,110.79115764979622,58.92616510391235,-43.14251989126205,0.4400000000000098,102,168.89942242205143,-75.02408696338534,16.04,118.45544554455446,1.0723681717067275,5.53844172941194,HEC
07 03 2017 slice 1 cell 2,0.0,-16.316406428813938,126.12923697177862,54.63353544473648,-37.49319165945053,0.4799999999999943,94,117.22212110459816,-66.8986079749465,6.6000000000000085,220.0,1.04325825534285,4.460768434638425,HEC
05 08 2017 slice 4 cell 3,0.0,-17.521902918815613,116.54069554382878,62.400970607995994,-41.24033823609352,0.4799999999999943,114,135.78695951402202,-66.42029956549405,17.920000000000005,100.0,1.1217603844175958,7.353476534258928,HEC
03 06 2017 slice 5 cell 7,6.091352552175523,-4.9800537526607505,122.57474131937349,81.29238151013851,-54.75704371929169,0.5600000000000049,86,237.98802280426028,-60.244002630114565,395.0,20.0,1.1726440074454365,11.137789187280537,HEC
01 14 2017 slice 2 cell 2,0.8344352245330809,-3.065008670091629,116.03922105366163,90.35670384764671,-44.933971017599106,1.2800000000000034,13,232.07118543982514,-80.16763269960879,87.84,60.0,1.046209474932664,14.525714004396674,PYR
11 23 2017 slice 1 cell 2,3.809385001659393,-8.531626313924791,176.27511324734616,83.27829465270042,-30.762694776058197,1.0799999999999976,26,151.68605437874794,-73.35005479156969,76.39999999999998,80.0,1.0764120495175442,5.710151274759,PYR
10 19 2016 slice 3 cell 6,0.0,-10.528340935707092,137.03721804103,81.76968991756439,-40.90949520468712,1.2000000000000066,17,228.08032877743253,-72.99185250043867,105.20000000000002,34.0,0.9917683925085816,15.88369117666593,PYR
01 12 2017 slice 1 cell 2,0.0,-5.348745733499528,140.03978226337068,83.94461497664452,-33.624514937400825,1.2399999999999909,15,307.3492168188096,-71.1847576534748,52.040000000000006,68.5714285714286,1.0389660305905335,21.552735186582357,PYR
12 05 2016 slice 5 cell 2,0.0,-2.898741513490677,106.83714456200813,86.04522794485092,-26.197407394647602,1.36,8,302.5860393047331,-45.06267963349821,80.32000000000002,108.78947368421056,1.0263681401812217,21.51044993815936,PYR
11 23 2017 slice 2 cell 7,0.0,-8.859131485223768,136.4880350522414,81.99358731508255,-38.49603980779648,1.12000000000001,25,196.33557085692885,-76.70568154245612,98.68000000000002,40.0,1.0607360274504842,7.038731210357067,PYR
12 05 2016 slice 1 cell 6,0.0,-6.768461316823959,158.87706855791959,92.40523353219031,-44.21774297952652,1.600000000000018,18,240.29944142699253,-83.76968140542508,65.16,40.0,1.0402744218713935,16.666220157420724,PYR
12 05 2016 slice 4 cell 2,0.0,-2.1601133048534398,553.0800280800281,86.96352131664753,-28.103576973080635,1.4000000000000123,13,315.29334262013424,-47.775061100721366,101.32000000000002,61.81818181818181,1.0271736135190763,23.522297726162673,PYR
10 26 2016 slice 3 cell 7,0.0,-9.57244634628296,139.25972724983387,79.59801331162453,-37.35125437378883,1.1599999999999944,12,174.28348512947557,-65.05387715607883,61.08,125.45454545454548,1.0194112098251784,13.279356096908565,PYR
03 06 2017 slice 2 cell 7,0.0,-3.870602697134018,164.22580645161275,87.05655857920647,-31.236574053764343,1.2800000000000034,14,279.18458840250975,-62.77251637041569,43.24,84.76190476190476,1.0415671650179303,19.917738471203545,PYR
02 12 2017 slice 6 cell 7,0.0,-9.271204471588137,120.25500967927591,86.15981042385101,-40.3592586517334,1.3199999999999878,20,146.12440668046463,-77.0854611352086,154.68,40.0,1.1932405462508646,11.777052465666447,PYR
10 27 2016 slice 3 cell 3,0.0,-6.222892552614213,130.36936574011898,81.66160061955452,-39.776191115379326,1.12000000000001,18,252.7237690091132,-63.051915924549114,49.4,40.0,1.039521075693917,19.601971404785846,PYR
10 27 2016 slice 5 cell 6,0.0,-11.195212602615356,167.71425275825368,84.66694131493568,-43.067112565040595,1.2399999999999634,19,226.38651181757453,-76.70796550124881,200.32,25.45454545454546,1.0922223085762544,19.71944373750178,PYR
02 24 2017 slice 1 cell 3,0.0,-5.050241947174072,149.08660447557213,85.79551056027412,-33.4361232817173,1.600000000000018,10,248.4491918385029,-72.22432247936725,134.24000000000004,60.0,1.0055149953276774,23.865424080878547,PYR
01 27 2017 slice 2 cell 7,4.7687552869319925,-7.628515362739563,193.64947005771216,86.30624786019325,-34.343868494033806,1.5199999999999936,24,387.2828422635794,-77.81486526817082,108.36,20.0,1.062563727664415,19.433656867307924,PYR
10 27 2016 slice 3 cell 7,0.0,-7.789444178342818,142.765257174253,82.98562094569206,-43.72573643922806,1.119999999999982,28,301.3305324018002,-69.53484753310681,69.92000000000002,49.00000000000002,1.1761503559023887,20.431366911035962,PYR
05 11 2017 slice 5 cell 2,0.0,-11.893201619386673,136.25162736872565,86.6069570183754,-41.531369090080254,0.9600000000000164,15,146.2744894921779,-79.41377196252346,123.12,60.0,1.0649491750282143,10.950710325973844,PYR
10 27 2016 slice 4 cell 3,0.0,-9.709551930427553,170.86811132467932,82.78364315629004,-32.544780522584915,1.0400000000000131,19,203.91062337160102,-75.58956754803657,115.56000000000004,40.0,1.0549484064408992,13.126950586691244,PYR
04 03 2017 slice 4 cell 7,0.0,-5.9133097529411325,144.52043894838044,82.64337107539177,-47.441963106393814,0.920000000000004,17,339.5352401584387,-45.910562558621166,45.68,20.0,1.0136237963145005,25.15409971348211,PYR
02 12 2017 slice 5 cell 2,0.0,-2.515837550163269,220.88252758033158,87.5125788152218,-36.3600105047226,1.36,18,259.622387945652,-73.96540016055106,105.56000000000002,50.0,1.0604565995419526,14.708049953425071,PYR
12 05 2016 slice 1 cell 7,0.0,-6.50092214345932,180.94740301832368,88.32630142569542,-38.798928260803216,1.7599999999999838,11,238.90695640444764,-79.96882117271423,125.48,41.17647058823529,1.0290095361332312,24.626637893532592,PYR
05 10 2017 slice 4 cell 7,0.0,-9.280726313591003,235.39681189017492,85.65102145075798,-30.52094206213951,1.2000000000000066,14,287.78583607077604,-62.335898382365684,71.76000000000002,40.0,1.042744831494251,19.554962020106753,PYR
10 19 2016 slice 4 cell 6,0.0,-7.014039903879166,145.12637692338092,82.80932903289795,-42.06329584121704,1.2399999999999909,18,285.82157987356186,-71.2942724454403,64.84,35.0,1.083147291126781,19.742134644282427,PYR
11 23 2017 slice 1 cell 7,4.517272114753722,-10.39331778883934,176.692813009624,82.6994813978672,-35.629905760288246,1.0799999999999976,27,209.5158989876509,-74.92607806652785,112.48000000000002,40.0,1.0689919213309866,8.4113175166933,PYR
03 06 2017 slice 3 cell 7,0.0,-5.782905966043472,494.30875576036885,88.20873871445656,-39.97667506337166,1.1599999999999944,16,361.6199408024549,-66.57983818620443,87.08000000000001,54.285714285714285,1.0117475897467074,27.630684235293174,PYR
12 05 2016 slice 4 cell 3,0.0,-8.237492293119429,115.43247616224492,81.04665204882622,-36.63697838783264,1.4800000000000089,15,308.66701242327684,-65.2086921441555,51.60000000000001,20.0,1.1675562941997666,19.844738980691137,PYR
10 19 2016 slice 2 cell 6,0.0,-12.902867048978806,131.11831398206505,77.26792246103288,-42.15700551867485,1.119999999999982,10,171.03210151195518,-66.05463052034378,69.96000000000002,60.0,0.955304784224234,14.420268686858645,PYR
01 30 2017 slice 2 cell 7,0.0,-5.737129598855972,116.05078021787935,79.82345670461655,-41.492950171232216,1.3999999999999846,11,275.48490998148924,-70.01297527730465,54.60000000000001,40.0,1.0100043524487876,20.714794037941388,PYR
10 27 2016 slice 1 cell 7,0.0,-6.048053503036499,282.7259573322565,84.17798951268195,-34.74320471286774,1.160000000000022,16,192.57758839428428,-57.38472470730543,47.32,110.58823529411764,1.0191536048038006,15.958284495337374,PYR
10 20 2016 slice 4 cell 5,0.0,-9.067069739103315,143.73225200943347,85.25043725967406,-37.1001735329628,1.2000000000000066,25,276.78807945549505,-76.77708445399999,111.72,20.0,1.0193112291306898,19.800380707324035,PYR
10 19 2016 slice 2 cell 7,0.0,-8.588530123233795,241.9497677119628,76.65501907467842,-38.69928047060967,1.160000000000022,11,256.03173534572124,-62.158447022736084,64.36,60.0,0.960713804206484,20.44228372862323,PYR
12 05 2016 slice 1 cell 3,0.0,-12.189779430627825,134.96952982290966,85.5887718498707,-34.93332490324974,1.8800000000000483,13,345.88711364567286,-76.75049727886915,248.80000000000004,16.000000000000004,1.0406970391325547,22.473017752118224,PYR
05 11 2017 slice 2 cell 6,0.0,-8.859198540449142,126.06473671799885,86.32548153400421,-38.72466087341309,1.2399999999999909,16,242.37500438094142,-70.4625648844242,55.40000000000001,81.47368421052633,1.0225235820548435,15.924471033259517,PYR
03 15 2017 slice 1 cell 7,0.0,-8.161533623933794,220.1106895403859,89.15862068533897,-42.29732230305672,1.4800000000000089,11,154.68581622838968,-79.59851111233232,87.56,40.0,1.0429288782281478,24.343955795311704,PYR
01 19 2017 slice 2 cell 3,0.0,-12.318573892116547,109.52781959158165,83.29018205404282,-36.86435893177986,1.2800000000000034,18,359.63285739719873,-70.62913868024945,34.44,5.0,1.0789800126116278,16.025475243765985,PYR
05 11 2017 slice 1 cell 7,0.0,-9.280726313591003,235.39681189017492,85.65102145075798,-30.52094206213951,1.2000000000000066,14,242.156436547637,-65.05498592421411,71.76000000000002,60.0,1.042744831494251,19.554962020106753,PYR
05 11 2017 slice 1 cell 6,0.0,-7.594596594572067,125.25468740530144,92.129185795784,-46.10664770007134,1.1599999999999944,25,296.6859760582448,-69.92649952113628,33.40000000000001,38.0,1.0140059347205428,19.648046930678927,PYR
11 08 2016 slice 1 cell 2,0.0,-0.8228160440921783,131.64444018256088,89.42217007279396,-55.70494011044502,1.7999999999999958,12,135.11907774209982,-81.22278807044029,30.079999999999995,140.0,1.003155866304365,8.043681055872662,PYR
09 04 2017 slice 4 cell 2,0.0,-12.981154024600984,158.79821473928655,85.18046140670776,-39.498083293437965,1.0000000000000009,31,236.8440237939359,-68.63570749759673,67.44,10.0,1.2487489761062234,21.912661208142577,MC
05 03 2017 slice 3 cell 7,0.0,-12.090016156435013,117.56470173712448,68.26126761734486,-40.72389379143715,0.7999999999999952,8,168.41831091046336,-65.25744551181793,128.20000000000002,80.0,1.20976286853654,16.864371156956317,MC
11 08 2016 slice 3 cell 2,0.0,-0.07930770516395569,128.9132470990765,80.39521425962448,-58.3140030503273,1.0000000000000009,14,237.8969857841732,-60.40124592274425,70.72,44.44444444444446,1.1469143363437442,13.495866345651278,MC
07 04 2017 slice 4 cell 7,0.0,-11.902652680873869,121.89496924586555,76.18183083832264,-46.29838094115257,0.6800000000000139,32,111.79631309211254,-65.21278348684311,140.68000000000004,73.82352941176471,1.2373703548434367,13.81647418074873,MC
09 04 2017 slice 4 cell 6,0.0,-17.324857413768772,114.57126749013386,72.3538175225258,-38.64145651459694,0.5999999999999894,31,219.75274670124045,-69.21494390010832,25.40000000000001,90.0,1.2306271722671838,13.382271059863758,MC
01 30 2017 slice 4 cell 3,0.0,-13.629164546728134,135.77876594661328,74.6792107820511,-50.63663795590401,1.119999999999982,14,152.99632325768468,-45.58788608431818,26.840000000000003,40.0,1.1287449283919644,15.089331057607234,MC
07 28 2017 slice 2 cell 3,0.0,-15.787579119205475,133.37409640545258,79.15978506207465,-45.636683702468865,0.6800000000000139,23,211.68496362864968,-53.958891753107316,40.40000000000003,90.0,1.1458796720609583,14.367986947982244,MC
07 18 2017 slice 2 cell 7,0.0,-16.869742423295975,124.34038362964368,72.49122485518457,-48.73314127326012,0.6400000000000017,28,262.782413840294,-75.0033060157299,52.84,20.0,1.0793173997845358,11.810135207792198,MC
08 01 2017 slice 2 cell 2,3.949187695980072,-15.490641817450525,122.97872340425535,64.36128728091717,-28.175728395581245,0.6000000000000172,34,247.19136324524877,-60.445418074429035,61.68000000000002,125.0,1.1570775443590704,18.035079278579108,MC
05 03 2017 slice 1 cell 7,0.0,-18.254343420267105,112.5633785579412,67.42129288613796,-42.066618800163276,0.7599999999999829,32,251.99859492480758,-61.01479805037379,46.6,70.0,1.2432967027525528,11.681418898502862,MC
10 26 2016 slice 4 cell 2,0.0,-10.029200464487076,123.82313913812712,82.01899379491806,-42.671438306570046,0.7599999999999829,28,163.3808439671993,-58.176102786064156,196.8,79.00000000000001,1.1930136103109137,19.146611362080602,MC
06 07 2017 slice 4 cell 6,0.0,-13.783052563667296,129.59543310995278,77.75447145104408,-46.013202518224716,0.6400000000000017,43,167.10641756653789,-75.0833885654807,49.48,110.0,1.0531583703978071,12.509361701776605,MC
10 27 2016 slice 5 cell 2,0.0,-11.868055909872055,136.09890850289725,77.72821560502051,-35.713430494070046,0.7199999999999984,18,163.4370724409818,-59.49415858089922,71.92000000000002,90.76923076923076,1.4174449427356222,25.2535070578917,MC
11 30 2016 slice 2 cell 2,0.0,-12.434441596269608,147.74523895077263,90.83122014999391,-35.471688956022255,0.920000000000004,23,298.9081900566817,-46.17289459258318,73.80000000000003,30.909090909090914,1.2983927474350336,20.719304405645577,MC
09 11 2017 slice 2 cell 2,6.552711129188538,-14.065168797969818,112.92847326745635,71.28794305026531,-40.18772393465042,0.7200000000000262,11,235.9756315946579,-58.84867594897747,78.72000000000001,40.000000000000014,1.2584649854261858,23.228321572456952,MC
05 08 2017 slice 4 cell 2,0.0,-12.945923954248428,129.52542372881362,77.67937518656255,-57.37831071019173,0.6400000000000017,42,238.1832095533609,-77.35342295154928,49.00000000000002,40.0,1.0634102211702576,11.979554067421565,MC
10 03 2017 slice 1 cell 2,0.0,-9.770967066287994,116.363515103011,81.89327828586102,-51.25516653060913,0.8399999999999797,19,294.49685826897604,-73.87656277060508,74.40000000000002,20.0,1.1539480744290065,21.60417794927774,MC
10 10 2017 slice 4 cell 2,1.2470819056034088,-15.246342867612839,114.85894379240116,79.05810698866844,-40.46226292848586,0.8400000000000074,27,234.69170404970643,-68.99153336316347,95.60000000000002,54.22222222222222,1.315094238181633,27.43748693511386,MC
08 22 2017 slice 2 cell 7,0.0,-13.644613325595856,113.08312245571562,80.54418116807938,-44.89768296480179,0.7599999999999829,31,229.66419357061386,-76.14359728634358,65.36,75.35135135135137,1.1635245400713343,13.431634259281225,MC
12 05 2016 slice 5 cell 7,0.0,-10.441258549690248,140.02534198048937,84.83778685331346,-43.62436383962631,0.9599999999999886,12,260.33062455058104,-46.878009954094885,63.0,31.42857142857143,1.1515946610830072,17.999999013016573,MC
08 22 2017 slice 4 cell 2,0.0,-12.246157974004744,126.34235468767851,71.71742990612985,-40.05277901887894,0.8000000000000229,10,276.79321205615986,-52.40748499572277,90.92,30.0,1.1262058380205389,22.090549500516246,MC
04 05 2017 slice 5 cell 2,0.0,-12.259211391210554,128.0079265748853,82.09940046072006,-39.94809836149216,0.7599999999999829,29,256.6518550217152,-58.44759209752082,72.24,23.594871794871796,1.1665368586369438,18.160464925553207,MC
08 21 2017 slice 1 cell 7,0.0,-11.303290724754332,95.5417859086336,79.50149849057199,-44.284626841545105,0.6799999999999862,14,307.41995766758924,-68.42430733174086,140.72,30.0,1.2050713643585356,19.398348157213483,MC
08 21 2017 slice 3 cell 2,0.0,-11.134300380945207,102.43457335753929,80.56161180138588,-36.200113594532006,0.7600000000000107,23,222.09048837423333,-59.256378877758976,112.0,50.270270270270274,1.2703956310742597,29.907947726324547,MC
08 01 2017 slice 2 cell 7,0.0,-11.343829333782196,115.70032573289892,73.26934114098549,-29.78154644370079,0.7199999999999984,15,202.88480646908297,-55.93651669666171,89.4,127.72727272727276,1.115033321334462,18.212542032817787,MC
10 27 2016 slice 2 cell 6,3.3369250595569615,-7.88319855928421,153.7967758011745,73.50055873394012,-40.72269052267074,0.7199999999999984,24,163.03044387698176,-56.60680958151816,64.24000000000002,80.0,1.0973829510236388,19.883337695926603,MC
06 16 2017 slice 2 cell 7,0.0,-16.059987246990207,137.82030620467356,73.33560287952423,-37.591230124235146,0.6799999999999862,19,205.65534333884716,-65.21894706144928,48.68,73.99999999999999,1.178372021530229,21.728290259658667,MC
04 17 2017 slice 1 cell 7,0.0,-11.803165078163149,111.80852140471613,76.41363888978958,-43.107371777296066,0.7599999999999829,24,151.0761127024888,-67.94498068243266,58.80000000000002,100.0,1.077543540144105,14.861545447243435,MC
07 06 2017 slice 1 cell 7,0.0,-13.50012794137001,121.70508082233593,76.73490419983864,-42.905446141958244,0.6799999999999862,28,212.51143741607655,-62.93965027511122,77.48000000000002,60.0,1.214001845588755,21.020945468943687,MC
03 28 2017 slice 6 cell 7,0.0,-12.367725372314453,129.79138321995467,73.01824539899827,-44.56320032477379,0.6799999999999862,43,247.3051657527686,-69.63584570974112,68.68000000000002,57.14285714285714,1.1208035876821743,10.626028435774193,MC
07 04 2017 slice 4 cell 2,0.0,-13.594388961791992,121.89233422842493,77.308539301157,-40.95700010657311,0.6800000000000139,41,180.0546758919954,-70.463919826746,58.12000000000001,114.94736842105264,1.1416947666023534,14.511444297957249,MC
06 15 2017 slice 1 cell 7,0.0,-16.11921191215515,131.10728062321652,68.62273067235947,-38.331441581249244,0.6000000000000033,26,124.90375153720379,-69.531616320312,16.560000000000006,220.0,1.130532855368345,9.872791745756524,MC
07 05 2017 slice 1 cell 2,0.0,-12.68545538187027,118.69016126711452,78.39207351207733,-40.357496589422226,0.7599999999999829,26,260.73718899488443,-65.88993292868139,154.12,30.00000000000001,1.264904690849752,21.412587407536307,MC
10 10 2017 slice 2 cell 2,3.3316127955913544,-11.967092752456665,130.10018279799618,78.92564684152603,-36.51950135827065,0.7999999999999952,28,250.3603864312172,-60.90096818447114,105.92000000000002,49.26829268292682,1.3540626373267821,33.213102907522696,MC
08 21 2017 slice 2 cell 2,3.067273646593094,-8.281271904706955,125.31855127457428,85.40740236639977,-41.88653454184532,0.7600000000000107,19,329.3067199736833,-67.37871603220702,80.28000000000002,20.0,1.0859436415491779,18.84589180435395,MC
06 15 2017 slice 2 cell 2,0.0,-10.814212262630463,107.39099401890098,76.8713541328907,-40.20103812217712,0.7199999999999984,10,207.99630415439609,-65.63582273125651,99.8,80.0,1.0943661239741145,18.609293592063786,MC
05 08 2017 slice 4 cell 7,0.0,-15.070006251335144,137.59390213194558,74.03389737010001,-37.39288821816445,0.6800000000000139,11,201.4179862886668,-64.95828299373386,51.52000000000001,87.27272727272727,1.1970686159763444,15.819883855624326,MC
05 03 2017 slice 1 cell 5,0.0,-15.456706285476685,122.58791049113636,87.18134835362434,-44.10231485962868,0.7600000000000107,22,613.0403204411268,-60.394773843586464,57.63999999999999,20.0,1.196353039065756,39.716898412102864,MC
07 04 2017 slice 3 cell 2,0.0,-18.216185271739963,114.314824248599,67.94166564941406,-35.675328224897385,0.5999999999999894,33,183.54446141421798,-64.17031153768299,76.16000000000003,160.0,1.0983377095801852,15.752796308188946,MC
07 04 2017 slice 2 cell 2,0.0,-15.024445950984955,114.35620049954113,64.14723210036755,-33.209666609764106,0.6400000000000017,43,211.34288400411597,-68.98678398251535,64.44,105.11111111111109,1.2105117382820196,15.536038109194124,MC
04 17 2017 slice 4 cell 7,0.0,-19.10797506570816,119.81017836687944,70.79069316387177,-35.784706473350525,0.6400000000000017,33,202.27695882320404,-77.81024493813513,22.60000000000001,148.0,1.1157792184543351,9.858398493308528,MC
07 12 2017 slice 1 cell 2,0.0,-11.335879564285278,121.57178180951516,80.63915371894835,-48.75500500202179,0.6400000000000017,52,280.5564840734005,-69.29589329481125,62.08,52.12121212121213,1.1359165109879228,15.278974200788555,MC
07 04 2017 slice 1 cell 2,3.684185445308685,-13.344556093215942,111.41752513342428,77.39583030343057,-40.1129089295864,0.5999999999999894,20,172.75514319539062,-66.04506243646146,59.2,60.0,1.1727853371061758,13.81261609068226,MC
11 01 2016 slice 1 cell 2,0.0,-11.016171425580977,140.22461406301332,74.06625524163245,-35.43773293495178,0.8800000000000197,8,189.27152648568145,-37.23789593398571,90.84,90.6896551724138,1.1377316133343365,16.322103916145732,MC
03 28 2017 slice 3 cell 7,0.0,-14.906920492649078,118.39821472848992,62.14236840605736,-38.375042378902435,0.6799999999999862,23,175.37822979688633,-67.7617708438635,111.44,102.43243243243242,1.0843618220906506,13.474841368955367,MC
02 09 2017 slice 3 cell 5,2.8856024146080017,-8.754577487707138,113.83655279601595,72.58611172437669,-37.81669586896896,0.8799999999999919,18,276.4229195863009,-57.2229437854886,50.00000000000002,51.93548387096776,1.116522686256958,23.871252218634204,MC
10 27 2016 slice 2 cell 2,0.0,-10.099042207002642,130.01032155617318,79.04037460684776,-33.380143344402306,0.7600000000000384,13,225.48140329122532,-50.0160731559992,186.76,69.33333333333334,1.0978556366953465,30.390328197018288,MC
03 23 2017 slice 1 cell 2,3.292538225650788,-18.991518765687946,102.7293027871971,75.40707662701605,-36.995451897382736,0.6799999999999862,28,305.9414846450091,-62.6824128177762,138.6,20.0,1.1340280953094628,15.101572072421341,MC
06 23 2017 slice 2 cell 2,0.0,-11.293437331914902,125.52927304235979,67.36413761973381,-36.95230558514596,0.7200000000000262,26,190.87062245607373,-67.82110871493818,72.88,123.04347826086956,1.1014552167229197,11.636200278732069,MC
01 30 2017 slice 4 cell 2,0.0,-18.494587391614914,117.43935212523651,65.76754339039326,-41.093241423368454,0.6799999999999862,35,293.98517300188536,-64.82971778064967,96.0,36.73469387755101,1.1146087051354905,17.189635998669356,MC
08 22 2017 slice 3 cell 2,0.0,-14.900848269462585,148.40642840642838,69.30636242032051,-32.059036195278175,0.7599999999999829,19,196.9405205845833,-63.4477064180374,80.4,109.78260869565216,1.2043081147282753,15.974913931577955,MC
03 29 2017 slice 2 cell 2,0.0,-17.188604921102527,115.1915668959778,67.88845174014568,-41.388686746358864,0.5999999999999894,26,197.90035574138176,-62.743913758099076,75.44000000000003,22.857142857142858,1.2441749079521218,16.343984492221313,MC
02 12 2017 slice 3 cell 7,0.0,-18.215641379356388,140.26308831306187,59.87066775560379,-42.24760830402374,0.4400000000000098,94,149.34723135828966,-69.64522740721704,11.2,180.0,1.0670670268383962,9.451956709584332,BC
05 10 2017 slice 2 cell 6,0.0,-18.09021830558777,117.91507970094513,65.18975645303726,-42.76224598288536,0.4800000000000082,99,194.87009001523262,-51.17783396527171,14.64,40.0,1.0352210756407836,8.730464284320439,BC
06 15 2017 slice 2 cell 7,0.0,-13.960942625999449,118.00563777307964,61.396388337016106,-33.31699967384339,0.6000000000000033,83,161.23593924939638,-76.18835350483656,12.200000000000005,200.0,1.015865274438187,3.5702400668353484,BC
06 16 2017 slice 2 cell 2,0.0,-22.514358162879944,105.7148738457918,59.21732075512409,-38.653422147035606,0.4799999999999943,55,104.12241302430628,-77.98060680180787,17.280000000000005,280.0,1.0361838823033815,6.449291412618813,BC
10 19 2016 slice 2 cell 2,0.0,-18.296699970960614,116.13566289825295,61.54917366802693,-39.21683505177498,0.439999999999996,110,104.53596837818633,-64.48896332114934,8.52,260.0,1.0253666393783378,6.6411071301147855,BC
09 04 2017 slice 1 cell 7,0.0,-11.795725673437119,159.7652518919451,81.56156539916992,-49.77657273411751,1.0399999999999854,26,410.44953083992,-79.20844296455383,50.52000000000001,28.0,1.1424903140602811,19.367754970390337,MC
05 16 2017 slice 1 cell 7,0.0,-19.379761070013046,110.10101010101008,68.3385320007801,-39.65049609541893,0.5200000000000066,51,126.21155104041095,-59.12680636793376,12.920000000000002,140.0,1.0365873580299083,7.748178864041868,BC
05 10 2017 slice 1 cell 7,0.0,-21.19191735982895,111.92626789776527,70.16199082136154,-44.76885497570038,0.5199999999999649,93,125.6652540117502,-68.36691669747235,424.68000000000006,130.0,1.029303217018816,8.216657716548143,BC
05 10 2017 slice 4 cell 2,0.0,-22.41822332143784,102.86478227654707,57.878339663147926,-41.80540144443511,0.439999999999996,111,123.66165281832231,-72.04343699127435,17.560000000000006,146.2962962962963,1.0896333607354554,5.690516473757856,BC
05 10 2017 slice 4 cell 3,0.0,-18.34671944379807,102.75012569130215,60.76812371611595,-40.02467542886735,0.5200000000000066,119,142.23765923082829,-75.07532825633885,12.800000000000004,209.37007874015742,1.031596394531833,5.615742667311936,BC
04 03 2017 slice 2 cell 2,0.0,-20.444765686988827,126.66001776247863,68.41273792088032,-37.89538890123367,0.5200000000000066,59,165.72824537754045,-70.2667587375641,14.6,172.19512195121948,1.0867032404577954,10.359283593648085,BC
10 19 2016 slice 4 cell 7,0.0,-19.83151212334633,117.96874999999993,61.54175847768784,-37.93298825621605,0.4799999999999943,95,104.17135936021809,-65.2507039898634,16.200000000000006,216.0,1.04760106845013,8.303284307385693,BC
10 19 2016 slice 3 cell 2,0.0,-13.31847533583641,108.64230225988709,72.29673489928246,-47.23537713289261,0.480000000000036,103,158.2330792248249,-62.82059611648322,377.88,76.0,1.0436426722250465,7.528002899148658,BC
07 05 2017 slice 2 cell 2,0.0,-20.697548985481266,105.50852388433113,59.98937413096428,-39.78712111711503,0.4400000000000098,104,190.32977673411384,-68.57749874472617,14.28,96.0,1.1374280574269051,7.377391884249518,BC
03 17 2017 slice 4 cell 7,0.0,-20.225003361701965,106.5291890814904,63.283491879701614,-39.286714047193534,0.5200000000000066,104,173.46508517861358,-73.85710947275163,12.160000000000005,80.0,1.0400776902805084,6.935729231789421,BC
08 22 2017 slice 3 cell 6,0.0,-23.70106801390648,122.95244209062216,65.44873490929604,-40.19607231020928,0.4799999999999943,113,184.65572336316117,-55.10604658365251,18.84000000000001,33.0,1.0331767330704105,6.192167974923255,BC
01 31 2017 slice 3 cell 7,0.0,-18.90721544623375,111.21200243881188,64.65456821024418,-38.51304203271866,0.5600000000000049,65,133.41284023225307,-61.902856371104725,17.280000000000005,120.0,1.0645841874101032,8.508658749324198,BC
05 10 2017 slice 2 cell 2,0.0,-17.902668565511703,111.00492814932718,62.88688071072102,-37.8006212413311,0.5199999999999927,92,166.39559730887422,-68.46822464525698,14.719999999999995,134.1818181818182,1.047002290623179,6.484050487583765,BC
10 19 2016 slice 1 cell 7,0.0,-18.09564232826233,119.6434909929896,59.78822708129883,-42.96819865703583,0.4799999999999943,117,92.21075274050241,-65.67448130816221,14.840000000000005,180.0,1.0608026397027135,7.1209830329192005,BC
03 06 2017 slice 1 cell 2,0.0,-18.348537385463715,125.06459948320392,64.10593166947365,-36.21531650424004,0.5200000000000066,63,114.06669269502159,-58.099696296453466,12.160000000000005,210.0,1.0723276373777748,9.308964161987081,BC
10 19 2016 slice 1 cell 2,0.0,-17.791744321584698,126.85289606640212,62.50661611557007,-32.229822129011154,0.439999999999996,129,101.41454400122164,-67.7531131118536,9.000000000000009,372.6666666666666,1.0510357139498254,7.0040952140884345,BC
05 16 2017 slice 5 cell 2,0.0,-25.318246334791183,112.42454383317335,62.465082854032524,-43.049950152635574,0.40000000000001146,129,164.05941043794158,-73.20286083191633,18.76,80.0,1.0969736843330244,4.780194136105333,BC
07 28 2017 slice 2 cell 7,0.0,-23.54905754327774,109.6635367762128,56.66240490972996,-28.10125052928925,0.5200000000000066,88,221.07897497713557,-61.868926783502104,22.00000000000001,95.44247787610622,1.0284708824989472,6.3350893857476445,BC
05 10 2017 slice 2 cell 4,0.0,-18.000002950429913,120.0750671010895,80.03124967217445,-35.124998539686196,0.40000000000001146,79,135.88131140172487,-74.3660563352704,10.400000000000006,260.0,1.0228060477554712,6.080402726417098,BC
02 24 2017 slice 1 cell 2,0.0,-17.599571496248245,114.78571428571422,73.29379767179489,-32.79470279812813,0.6000000000000033,53,189.00650046765801,-66.48828937262297,13.240000000000002,156.48351648351647,1.0261566020430977,9.625540380025473,BC
05 16 2017 slice 1 cell 2,0.0,-19.029282033443447,114.97530864197536,69.41550783813001,-39.25979509949684,0.4800000000000082,79,134.26543170213694,-65.16057269632816,9.2,200.0,1.0479869633645258,7.885804484295367,BC
04 28 2017 slice 2 cell 7,0.0,-21.737772971391678,107.18578728586935,68.73396225273609,-42.70273074507713,0.4799999999999943,97,157.38703116774562,-72.95278296828269,12.440000000000007,159.7058823529412,1.0243041669471475,6.5824203463171695,BC
10 19 2016 slice 2 cell 4,0.0,-20.37499845027924,139.64497041420125,87.93750032782555,-39.218749850988395,0.31999999999998696,115,101.64706157147884,-74.96187254905699,10.120000000000003,338.0,1.055420158917918,6.642216096702244,BC
10 31 2016 slice 2 cell 7,0.0,-19.01736482977867,104.14879835611559,74.13661479949951,-41.31800308823585,0.5199999999999927,78,227.75685046613208,-73.18262166947126,24.760000000000005,60.0,1.0635456599798736,7.585977316144701,BC
01 14 2017 slice 1 cell 7,0.0,-18.24931800365448,111.66757086667559,68.19269619882107,-40.688961744308465,0.5199999999999927,75,224.20534048974514,-68.9364468216896,27.840000000000003,40.0,1.088842773720342,11.26712679138754,BC
08 02 2017 slice 2 cell 2,0.0,-22.47882261872292,119.845461658842,56.14783614873886,-31.45229071378708,0.5600000000000049,76,158.0444498062135,-69.83100884854792,154.64,190.19512195121948,1.0530376056822153,10.663183896276145,BC
07 19 2017 slice 4 cell 6,0.0,-20.837936550378803,109.05483297743677,61.69652938842773,-43.77220943570137,0.439999999999996,126,151.62730570137498,-73.55761284023524,13.120000000000005,145.30612244897958,1.1173886536087454,8.305402672790331,BC
05 16 2017 slice 2 cell 7,0.0,-18.580015748739246,111.7799160032595,58.93448181450367,-37.90411353111267,0.439999999999996,133,107.87486775219445,-74.50375490695237,11.800000000000004,280.0,1.0625475147640981,5.551888419602343,BC
01 23 2017 slice 2 cell 6,0.0,-17.113428562879562,119.93686868686869,63.2969718426466,-38.06033357977867,0.5999999999999894,58,251.10617411136627,-67.24249844014646,14.32,90.0,1.0339021131999642,10.577750288041136,BC
07 05 2017 slice 2 cell 7,0.0,-17.856542021036148,114.95238095238098,65.34097157418728,-44.05711218714714,0.439999999999996,92,117.78470826148993,-71.48804307818413,9.080000000000004,229.3333333333333,1.0800515226463503,5.586054111313215,BC
04 17 2017 slice 4 cell 2,0.0,-22.93062396347523,91.05191890337777,56.03187717497349,-30.70875070989132,0.6000000000000449,68,134.00499849021438,-76.48423352435229,196.08,190.0,1.0192798081866352,5.300569987178478,BC
01 14 2017 slice 2 cell 7,0.0,-16.33826270699501,136.07053146483344,78.54348421096802,-42.37649217247964,0.5599999999999911,40,122.42854161560543,-67.23698836296796,18.84000000000001,170.84745762711862,1.0975874973632285,9.894487169348503,BC
08 31 2017 slice 2 cell 2,5.622994154691696,-6.844993680715562,118.95882662457252,74.07058030366899,-51.71363055706024,0.4799999999999249,151,95.34217068552972,-64.48246837079525,565.9200000000002,117.0,1.1135643158624315,6.5323936942719385,BC
11 01 2016 slice 2 cell 2,0.0,-11.97153702378273,106.02774172615185,76.99625194072723,-39.81007263064385,0.5600000000000049,72,160.78850638866425,-61.54080001890657,569.6800000000002,111.25,1.0618482887051026,8.059175084496394,BC
10 19 2016 slice 4 cell 4,0.0,-19.687499850988385,113.77172983756034,88.09375017881393,-42.9374985396862,0.3999999999999837,114,196.77025151252747,-74.99230744779109,25.40000000000001,98.0,1.0350262869790423,6.9080914967934035,BC
07 19 2017 slice 1 cell 2,0.0,-23.53310585021973,121.17908407382096,60.82010082900524,-39.33318704366685,0.439999999999996,108,106.97461874783032,-67.5581858319044,11.800000000000004,188.28571428571428,1.1482524946708683,7.023394696096475,BC
07 19 2017 slice 4 cell 2,0.0,-16.48535579442978,107.24120769741207,64.68182802200317,-38.69537264108658,0.5200000000000066,103,99.58202047646056,-72.43867860168218,17.600000000000005,240.0,1.0621250479718305,5.573629090227908,BC
07 06 2017 slice 3 cell 3,0.0,-21.50445431470871,109.5486289411524,62.278738245368004,-41.21689498424529,0.4800000000000082,103,170.89468340575692,-65.05472723037006,17.72,86.0,1.032262574383359,6.434458243108712,BC
01 27 2017 slice 4 cell 7,0.0,-20.29445767402649,102.80419509214943,76.47388428449632,-44.867172837257385,0.5600000000000049,77,213.69639435410502,-72.4404117500782,30.76000000000001,60.0,1.075710226283619,12.680744656890203,BC
04 28 2017 slice 2 cell 2,0.0,-17.963457852602005,176.20275123257647,63.28068859875202,-34.147091209888465,1.1599999999999944,11,178.16638727486136,-67.68198823720216,172.52000000000004,120.0,1.05225504737334,6.7357366628925375,NGC
07 19 2017 slice 2 cell 7,1.1091418564319608,-11.365260928869247,203.4782608695652,74.54138621687889,-35.49341484904289,1.0399999999999854,46,330.0645270645619,-58.356331812739384,30.36,56.0,1.1403299141937118,8.559269270708755,NGC
09 06 2017 slice 2 cell 2,0.0,-19.95310001075268,131.30449767069152,69.85334120690823,-28.47064472734928,0.8800000000000197,48,189.40399669110766,-65.31219434082509,149.44000000000003,110.0,1.1035809708349569,9.122844663088793,NGC
02 24 2017 slice 2 cell 2,0.0,-16.755964607000347,127.90789996030169,69.28479671478271,-37.47492656111717,1.1999999999999789,9,181.44595132768146,-73.90822674483061,587.96,85.88235294117645,1.0827694628490037,6.896307126801244,NGC
02 24 2017 slice 1 cell 7,0.0,-11.17965579032898,179.92735026295705,74.31193441152574,-41.072104126214974,0.920000000000004,26,241.13056683540344,-72.12009237110614,16.880000000000006,80.0,1.0817570961877958,5.669439592254332,NGC
03 06 2017 slice 1 cell 7,0.0,-13.399187475442885,544.2480549350178,64.71888720989227,-24.60406720638275,1.3200000000000156,5,157.5957555621861,-59.32809920221568,58.84,180.00000000000003,1.030864218436389,8.844514708343329,NGC
03 21 2017 slice 1 cell 2,0.0,-16.681600362062454,137.1566269648968,62.17663548886776,-38.5795533657074,1.2000000000000344,9,273.28337821364397,-69.51643863886596,190.16000000000003,68.0,1.0580995477468784,10.0625614431342,NGC
06 29 2017 slice 1 cell 7,0.0,-15.456747263669968,155.2361421709181,69.64702904224396,-34.781113266944885,1.0400000000000131,46,208.0064051002264,-67.2739293654263,72.52,114.54545454545456,1.0517470087614025,8.567071244046133,NGC
03 15 2017 slice 5 cell 2,0.4984401166439056,-8.824113756418226,185.8788676761027,69.75985318422318,-33.83960574865341,0.920000000000004,12,132.9983281195164,-67.30594783067703,35.56000000000001,140.0,1.07748419526183,7.202255868825477,NGC
03 29 2017 slice 3 cell 2,0.0,-16.955051571130753,157.07841656492138,70.24286687374115,-36.81362420320511,1.12000000000001,13,210.68554778397086,-77.4336488494277,166.84,60.0,1.0665199136661414,5.806182881188434,NGC
09 06 2017 slice 1 cell 2,0.0,-24.2314413189888,160.66999405211328,69.21316310763359,-28.203211724758148,1.2400000000000189,13,169.87017679214475,-70.43307151556016,572.1200000000001,118.0,1.07146740660082,7.045080045181186,NGC
04 28 2017 slice 5 cell 3,0.0,-18.557358533144,131.2381683517109,70.4464539885521,-34.044038504362106,1.12000000000001,7,202.21885623037812,-74.56518715769053,477.8000000000001,65.0,1.0338178022818243,10.144230113387627,NGC
03 21 2017 slice 5 cell 2,0.0,-16.13685116171837,168.40397365727767,69.27995011210443,-36.432642489671714,0.9600000000000164,15,169.42920151352874,-73.6021937713027,187.24000000000004,110.0,1.0720036427718351,7.401122791599628,NGC
09 05 2017 slice 1 cell 7,0.0,-4.58836555480957,166.657991037971,89.12792429327965,-50.779588520526886,0.9199999999999764,49,121.79237046837795,-67.25366806060076,263.7200000000001,110.0,1.1119193405998673,6.425110243445425,NGC
06 15 2017 slice 1 cell 2,0.0,-18.915526568889614,175.50612182093948,71.8507394194603,-38.352012634277344,1.2000000000000066,42,241.3365514725448,-71.51255515307187,136.68000000000004,60.0,1.0646020281568411,9.658767708290142,NGC
06 15 2017 slice 3 cell 2,0.0,-18.09044554829597,139.42721143353643,66.28416106104851,-26.23748406767845,0.8799999999999919,18,167.18714073300362,-72.8382457512617,71.76000000000002,127.0,1.041131986302821,8.225273291224509,NGC
07 05 2017 slice 3 cell 7,0.0,-21.559391170740128,158.59267727136194,64.40390273928642,-31.831040978431698,1.0000000000000009,12,192.5485743880272,-75.35973936021328,42.75999999999999,134.0,1.0566421562054575,5.529283700017435,NGC
